item_id,order_id,product_id,quantity
1,1504,92,1
2,1703,97,5
3,1439,58,5
4,503,13,3
5,1062,77,1
6,427,39,2
7,875,86,2
8,526,6,1
9,266,88,5
10,1801,78,4
11,1074,33,5
12,753,14,5
13,523,75,2
14,238,51,1
15,1861,8,4
16,1263,22,3
17,808,47,3
18,231,26,4
19,282,71,2
20,1051,34,1
21,1754,31,2
22,1656,58,3
23,1582,57,1
24,149,24,3
25,1785,93,4
26,1739,9,5
27,643,75,2
28,836,14,1
29,1221,18,3
30,76,43,4
31,168,15,4
32,1949,45,4
33,309,23,3
34,418,3,5
35,1167,99,1
36,789,80,5
37,1408,27,4
38,1197,34,3
39,1287,99,5
40,1802,38,3
41,34,15,3
42,1833,64,5
43,857,94,2
44,1522,60,4
45,1491,43,4
46,585,5,2
47,803,13,3
48,231,93,5
49,681,10,4
50,1161,13,2
51,286,74,4
52,547,90,4
53,925,4,1
54,614,92,4
55,104,18,2
56,970,55,5
57,305,76,1
58,902,11,1
59,1797,79,5
60,288,61,1
61,99,34,4
62,1972,59,5
63,1356,81,1
64,973,99,4
65,1192,94,4
66,775,79,5
67,826,76,3
68,578,89,5
69,1988,44,4
70,695,51,2
71,627,7,1
72,793,37,3
73,556,65,2
74,1407,5,4
75,481,100,3
76,1545,36,2
77,526,59,1
78,986,9,1
79,1492,32,4
80,1973,67,5
81,1399,39,1
82,1594,19,5
83,1225,38,1
84,1597,10,4
85,1457,36,4
86,1130,9,2
87,990,95,5
88,1920,21,3
89,1040,15,1
90,1479,91,1
91,1028,62,4
92,332,8,4
93,1057,80,4
94,1379,52,2
95,1369,24,1
96,482,47,1
97,1401,61,3
98,1780,59,2
99,1637,26,5
100,1790,32,1
101,524,83,1
102,1230,20,3
103,1982,82,4
104,1976,9,3
105,1178,22,2
106,1216,19,2
107,1217,51,3
108,996,41,1
109,867,67,5
110,1521,68,5
111,423,97,4
112,1753,56,2
113,37,95,3
114,662,99,5
115,875,71,1
116,642,27,3
117,1894,10,2
118,1284,82,2
119,1564,13,4
120,457,61,2
121,1528,68,3
122,1412,85,3
123,1984,5,3
124,1596,71,1
125,860,66,5
126,118,36,2
127,1817,79,4
128,64,80,3
129,199,29,5
130,617,34,5
131,220,6,1
132,975,56,3
133,1977,14,2
134,1760,99,1
135,1244,66,2
136,98,51,4
137,991,60,1
138,1873,18,3
139,1276,72,5
140,1300,39,4
141,560,99,2
142,1462,15,5
143,692,62,3
144,1248,86,3
145,1554,86,3
146,757,42,4
147,76,91,2
148,65,1,1
149,708,82,3
150,1818,27,4
151,165,35,4
152,1685,43,5
153,300,45,3
154,879,71,1
155,901,82,2
156,589,27,4
157,1942,44,4
158,1954,87,5
159,348,69,3
160,1772,68,5
161,798,2,5
162,48,48,1
163,1746,94,2
164,724,81,4
165,1416,48,4
166,1122,63,1
167,1058,28,3
168,1671,57,3
169,1915,85,5
170,862,13,4
171,1375,14,1
172,1369,49,2
173,241,74,1
174,1401,29,1
175,369,49,3
176,907,76,1
177,1275,5,2
178,165,9,2
179,958,96,1
180,23,39,5
181,668,40,5
182,360,55,4
183,277,11,1
184,1045,85,1
185,1062,12,3
186,1998,58,4
187,1282,27,4
188,1914,6,1
189,356,79,2
190,1385,49,3
191,922,50,3
192,652,12,4
193,600,5,1
194,1730,51,5
195,879,89,1
196,1884,100,2
197,1873,87,5
198,1363,26,4
199,213,38,2
200,597,76,4
201,801,36,4
202,1027,92,5
203,1395,74,5
204,494,72,2
205,878,83,1
206,1961,26,2
207,102,77,5
208,808,91,1
209,654,48,5
210,1241,92,3
211,1625,60,4
212,1879,60,5
213,50,49,4
214,166,13,5
215,1733,9,2
216,1083,14,2
217,387,80,1
218,316,22,1
219,1174,98,3
220,1463,31,2
221,109,13,2
222,1932,30,4
223,1979,13,5
224,1378,41,4
225,1557,1,4
226,281,71,4
227,1528,74,5
228,1897,2,3
229,842,93,5
230,1287,39,4
231,1600,50,3
232,102,12,2
233,1766,35,2
234,1154,68,4
235,1911,85,1
236,1546,9,3
237,237,43,5
238,1005,87,1
239,1016,66,3
240,595,96,4
241,1093,52,3
242,1281,9,3
243,777,97,3
244,1202,100,5
245,891,55,5
246,550,15,3
247,618,62,2
248,916,28,5
249,719,47,3
250,210,25,1
251,1474,85,5
252,1879,94,2
253,564,43,2
254,534,89,1
255,1452,27,5
256,1078,51,5
257,1081,47,2
258,1373,88,4
259,1017,98,2
260,800,81,2
261,73,5,4
262,106,55,4
263,1470,72,4
264,1240,21,2
265,34,41,4
266,382,16,1
267,12,76,4
268,1564,39,4
269,125,81,3
270,567,57,5
271,1639,77,1
272,1530,58,2
273,390,68,4
274,357,38,4
275,1760,7,4
276,1094,54,3
277,671,32,3
278,1354,83,2
279,1165,14,4
280,1676,64,3
281,563,14,2
282,135,16,4
283,538,81,4
284,498,41,5
285,120,57,2
286,1398,38,5
287,1463,54,1
288,697,7,1
289,1026,20,2
290,362,56,1
291,446,98,5
292,1523,64,3
293,1069,25,1
294,53,28,3
295,781,9,1
296,1393,78,2
297,1467,13,1
298,1720,92,1
299,823,50,5
300,1170,2,4
301,915,31,3
302,19,76,4
303,1653,36,2
304,1288,95,2
305,1309,63,1
306,972,38,4
307,919,11,4
308,334,96,2
309,51,29,3
310,1537,81,1
311,1781,33,2
312,1068,72,2
313,57,43,1
314,1456,74,4
315,1219,24,5
316,336,52,5
317,282,59,1
318,683,45,1
319,1724,66,1
320,1787,35,4
321,39,68,2
322,406,83,2
323,641,65,3
324,1997,56,3
325,1288,33,3
326,1867,2,3
327,444,52,2
328,1131,20,3
329,890,31,4
330,293,10,3
331,302,59,4
332,1204,41,5
333,1227,4,5
334,1763,54,1
335,1101,67,4
336,1851,8,4
337,717,34,1
338,1991,47,1
339,1667,12,4
340,1780,83,1
341,279,20,2
342,1755,92,2
343,497,100,5
344,932,97,3
345,1270,23,3
346,1404,45,4
347,1020,62,3
348,1519,53,2
349,329,87,4
350,1113,85,2
351,535,10,4
352,111,89,1
353,1010,3,1
354,3,60,2
355,1425,38,5
356,351,31,4
357,537,76,4
358,976,52,2
359,1996,84,1
360,693,16,2
361,709,73,5
362,286,76,4
363,533,90,3
364,1585,16,5
365,1305,77,4
366,1496,37,2
367,341,38,2
368,585,33,4
369,942,53,4
370,1968,51,2
371,140,14,5
372,345,98,3
373,1721,53,1
374,668,16,1
375,296,98,2
376,1844,97,3
377,1271,40,3
378,1392,22,5
379,657,71,5
380,326,80,3
381,599,56,1
382,457,52,4
383,1857,57,5
384,216,5,2
385,1370,32,2
386,1240,70,1
387,1798,95,1
388,1718,47,5
389,1460,29,4
390,1296,37,1
391,1917,45,3
392,1002,3,1
393,560,14,1
394,411,13,5
395,708,50,3
396,1840,82,3
397,1327,73,4
398,19,67,2
399,664,75,2
400,1892,89,3
401,644,25,2
402,345,62,4
403,1004,96,1
404,1844,33,2
405,732,17,5
406,1797,30,4
407,1225,56,2
408,1669,55,5
409,1367,79,4
410,1735,36,4
411,22,78,5
412,400,8,4
413,1708,5,5
414,598,50,2
415,1069,29,5
416,1635,83,3
417,1528,2,3
418,1681,30,5
419,1725,88,1
420,1751,60,4
421,762,91,1
422,750,5,4
423,1811,69,2
424,585,83,2
425,832,89,1
426,944,93,4
427,109,87,2
428,266,56,2
429,1477,34,5
430,1040,44,2
431,1172,78,3
432,1551,21,4
433,532,86,4
434,844,24,4
435,1531,50,5
436,131,56,2
437,1981,62,5
438,354,10,5
439,1604,43,4
440,143,89,3
441,7,50,1
442,1132,50,3
443,1325,98,4
444,268,71,4
445,1021,12,3
446,537,61,2
447,1585,58,4
448,295,59,2
449,971,2,4
450,618,95,5
451,666,14,2
452,416,66,1
453,1622,52,5
454,1073,96,5
455,619,81,4
456,846,56,3
457,1317,27,4
458,756,98,3
459,758,28,4
460,1809,34,2
461,140,2,2
462,1210,43,3
463,1636,82,5
464,155,51,5
465,1621,85,5
466,1388,9,2
467,1956,32,2
468,477,32,2
469,106,36,5
470,1776,51,4
471,1372,53,4
472,1762,89,4
473,1865,33,4
474,1065,13,3
475,1733,84,2
476,1732,12,1
477,108,96,2
478,201,40,3
479,1535,37,2
480,293,98,3
481,555,38,1
482,1938,19,1
483,905,64,4
484,590,69,3
485,413,94,5
486,111,60,1
487,595,39,2
488,124,36,3
489,1284,22,4
490,1249,27,1
491,73,57,4
492,490,46,3
493,702,95,5
494,1608,56,4
495,206,77,5
496,957,84,1
497,1854,93,5
498,1455,39,3
499,831,70,1
500,1263,76,5
501,1059,57,3
502,219,46,1
503,1645,6,1
504,1273,23,4
505,1347,77,4
506,739,56,1
507,1988,56,4
508,1184,93,5
509,1562,31,2
510,1233,91,3
511,911,84,3
512,1537,14,4
513,118,2,3
514,915,17,5
515,271,3,1
516,1261,94,5
517,1704,40,4
518,1534,46,2
519,1479,93,3
520,1712,88,4
521,735,79,1
522,1115,66,5
523,1833,69,2
524,1989,14,2
525,980,11,1
526,1685,31,2
527,495,24,5
528,656,50,2
529,1673,52,3
530,159,31,1
531,154,40,4
532,1879,18,4
533,1154,46,3
534,1325,69,2
535,978,7,2
536,1394,67,5
537,222,23,3
538,451,7,4
539,1956,59,3
540,1093,89,3
541,1102,98,4
542,104,42,1
543,1170,55,5
544,691,92,4
545,1981,1,3
546,479,73,4
547,325,54,4
548,1480,56,2
549,1077,17,1
550,1669,60,3
551,1726,83,1
552,537,14,3
553,689,55,2
554,1218,12,4
555,605,53,3
556,676,48,2
557,1609,100,1
558,1437,33,1
559,885,31,3
560,396,6,2
561,1927,31,3
562,259,79,2
563,1234,71,2
564,1352,72,1
565,1338,16,2
566,228,74,1
567,1855,40,2
568,1219,100,3
569,1235,38,3
570,703,37,4
571,674,74,3
572,883,70,3
573,939,58,1
574,1534,47,4
575,566,98,4
576,264,1,5
577,441,6,2
578,330,59,2
579,878,3,3
580,1161,2,2
581,1677,41,3
582,660,35,2
583,250,15,4
584,1432,24,1
585,1740,15,1
586,382,3,1
587,759,38,5
588,656,15,2
589,888,36,2
590,134,6,5
591,526,66,5
592,434,46,3
593,1086,14,4
594,1354,94,5
595,622,35,2
596,407,42,2
597,644,7,2
598,1620,33,2
599,1897,63,4
600,1559,96,3
601,1981,51,3
602,337,59,4
603,1628,33,3
604,1775,19,3
605,995,73,1
606,1603,28,1
607,1243,57,3
608,1095,96,5
609,1935,62,5
610,465,87,2
611,360,58,5
612,1681,58,2
613,1891,40,1
614,1927,93,5
615,1322,88,2
616,900,9,2
617,451,9,3
618,684,54,1
619,1614,57,3
620,466,22,1
621,958,56,2
622,914,11,3
623,652,27,4
624,752,55,2
625,799,70,4
626,883,53,2
627,1401,12,1
628,660,45,3
629,1274,88,4
630,1267,48,1
631,623,43,2
632,1610,11,3
633,1946,73,5
634,1656,35,5
635,1755,38,4
636,1780,21,3
637,1180,38,5
638,1644,97,4
639,1369,20,3
640,695,88,1
641,1515,63,5
642,1961,23,3
643,1945,88,4
644,1081,63,2
645,80,46,1
646,819,25,2
647,1274,26,2
648,1822,55,2
649,370,33,1
650,946,24,3
651,200,21,3
652,1166,29,5
653,1865,71,3
654,1840,9,1
655,1182,87,2
656,1417,21,5
657,345,27,5
658,160,89,4
659,1377,33,2
660,168,39,1
661,1691,89,1
662,484,75,2
663,1093,48,2
664,733,43,1
665,834,24,2
666,831,39,1
667,94,78,3
668,183,66,4
669,190,2,4
670,625,11,3
671,1538,78,4
672,1927,18,3
673,1993,41,1
674,1905,95,3
675,110,62,1
676,1653,22,2
677,907,65,2
678,1339,100,3
679,1494,53,1
680,308,74,1
681,1584,33,2
682,1728,61,3
683,867,28,2
684,1627,79,1
685,1891,19,5
686,34,52,1
687,1189,56,4
688,1517,81,4
689,854,35,1
690,1162,88,3
691,1518,44,1
692,807,55,3
693,1325,57,2
694,807,54,2
695,354,83,4
696,12,3,1
697,946,89,5
698,783,11,4
699,558,14,1
700,1546,35,3
701,834,4,2
702,1330,86,2
703,1666,43,2
704,1756,39,3
705,56,89,5
706,896,15,1
707,1162,43,3
708,70,85,5
709,1212,18,4
710,1768,83,4
711,1075,68,1
712,1673,40,5
713,663,17,1
714,839,46,1
715,44,50,5
716,388,97,1
717,1703,9,3
718,1572,14,5
719,1111,38,4
720,1904,3,3
721,1227,42,4
722,995,77,1
723,1099,17,4
724,365,30,2
725,1822,30,1
726,1203,66,4
727,38,81,4
728,950,100,5
729,209,73,3
730,934,47,2
731,1701,26,1
732,1400,52,2
733,605,86,4
734,853,79,1
735,834,67,3
736,1613,51,5
737,259,62,3
738,119,32,4
739,1674,69,5
740,830,18,3
741,347,46,5
742,1347,58,3
743,1685,27,3
744,1754,2,2
745,368,57,5
746,1206,24,1
747,1120,93,5
748,612,85,2
749,652,86,1
750,186,14,2
751,1366,8,2
752,551,25,4
753,1543,54,3
754,1295,91,5
755,941,39,4
756,208,91,2
757,1968,48,1
758,33,21,5
759,1073,12,4
760,1506,27,2
761,1611,38,5
762,134,58,1
763,1972,16,3
764,605,9,2
765,747,79,4
766,1363,72,4
767,1336,39,3
768,1810,44,1
769,121,52,5
770,1361,20,4
771,1410,56,3
772,1537,32,1
773,284,64,1
774,239,66,4
775,1328,3,2
776,238,93,1
777,1341,65,4
778,226,79,4
779,1880,57,3
780,485,71,3
781,796,17,1
782,199,90,4
783,54,59,2
784,1981,56,1
785,1723,92,3
786,1043,96,5
787,1355,55,2
788,577,43,4
789,1892,67,1
790,432,10,2
791,1478,34,1
792,1696,10,2
793,1657,60,2
794,1904,46,3
795,1802,46,5
796,1428,41,5
797,1810,36,5
798,1379,36,1
799,228,93,1
800,1235,31,4
801,1740,56,4
802,183,73,5
803,1054,94,5
804,1323,96,2
805,1210,41,4
806,421,23,2
807,1095,55,5
808,279,90,4
809,928,23,3
810,1849,22,2
811,1711,20,4
812,792,47,5
813,4,86,2
814,406,3,1
815,1685,25,2
816,40,19,2
817,1563,18,2
818,1779,18,3
819,1321,8,1
820,1993,44,5
821,1609,18,5
822,895,11,4
823,991,98,1
824,279,64,5
825,1767,51,2
826,1893,83,4
827,926,5,5
828,678,52,2
829,850,57,3
830,1169,43,5
831,1895,70,4
832,220,34,1
833,371,61,3
834,1618,33,3
835,1070,15,5
836,1174,12,1
837,1930,69,3
838,1963,77,5
839,987,100,1
840,1765,54,1
841,1731,84,1
842,1904,85,2
843,729,87,1
844,1278,55,3
845,699,65,4
846,141,90,5
847,1808,97,3
848,497,72,4
849,1814,49,3
850,438,98,1
851,569,36,5
852,1053,8,4
853,860,93,2
854,763,45,1
855,233,94,4
856,331,34,3
857,260,83,3
858,259,41,1
859,1990,95,3
860,182,38,1
861,1667,61,3
862,231,52,1
863,1551,70,3
864,58,13,3
865,872,97,1
866,931,46,4
867,983,55,4
868,1908,91,1
869,1234,69,2
870,758,42,3
871,1098,95,5
872,914,20,4
873,498,93,1
874,716,45,3
875,457,59,5
876,1614,30,3
877,205,10,5
878,1827,64,3
879,1643,60,5
880,237,14,1
881,1721,30,4
882,435,8,2
883,119,89,1
884,945,23,4
885,589,24,4
886,733,45,5
887,321,94,2
888,1867,57,5
889,1565,22,3
890,1766,95,2
891,1729,23,1
892,466,92,2
893,1078,78,2
894,1044,5,1
895,674,56,3
896,1656,100,1
897,1831,40,3
898,31,63,3
899,393,11,4
900,1140,15,5
901,1143,91,3
902,1878,22,1
903,722,40,1
904,580,96,5
905,1873,72,4
906,1905,30,1
907,1409,17,2
908,1243,76,4
909,327,100,3
910,1248,77,1
911,630,63,1
912,45,66,2
913,116,31,5
914,999,58,2
915,91,19,2
916,1644,24,3
917,1950,61,5
918,1355,43,1
919,1766,75,3
920,1734,5,1
921,981,50,1
922,401,97,5
923,269,75,2
924,1554,91,3
925,1348,25,4
926,1318,9,2
927,1210,9,1
928,1592,3,2
929,1748,67,4
930,26,37,4
931,1722,42,4
932,1758,55,2
933,58,11,2
934,1841,17,3
935,832,45,3
936,1414,21,1
937,1602,29,1
938,491,32,4
939,1088,1,3
940,1516,22,2
941,284,100,4
942,403,75,1
943,719,95,4
944,1355,70,3
945,380,62,4
946,1889,75,5
947,26,52,1
948,45,56,1
949,710,52,4
950,4,68,4
951,1782,65,5
952,565,19,5
953,375,3,1
954,153,54,3
955,575,11,3
956,1970,66,1
957,1026,98,4
958,1444,47,4
959,376,56,2
960,1125,24,3
961,1551,65,3
962,1817,76,5
963,378,68,1
964,1805,95,3
965,539,85,4
966,98,11,2
967,50,76,4
968,550,32,5
969,929,91,3
970,1501,88,5
971,1131,89,2
972,115,79,1
973,1043,92,4
974,614,38,4
975,1631,21,2
976,776,65,2
977,746,74,5
978,676,31,2
979,1382,32,5
980,313,96,2
981,550,28,5
982,373,66,5
983,439,82,4
984,420,6,5
985,1888,43,2
986,537,91,1
987,441,64,1
988,248,76,4
989,1951,55,2
990,778,81,4
991,225,89,3
992,1075,66,2
993,1985,100,1
994,286,73,4
995,152,9,4
996,1149,35,3
997,977,5,1
998,1642,33,4
999,1759,60,2
1000,308,92,5
1001,264,98,2
1002,743,5,5
1003,393,58,2
1004,1306,68,4
1005,1756,88,5
1006,117,26,3
1007,1824,70,5
1008,1497,8,2
1009,422,43,2
1010,150,25,4
1011,699,86,3
1012,958,38,5
1013,814,45,2
1014,983,56,5
1015,1647,14,3
1016,1636,54,1
1017,1819,7,5
1018,1242,69,4
1019,1103,27,1
1020,573,75,2
1021,1040,61,3
1022,1734,25,3
1023,1005,19,1
1024,471,18,5
1025,92,74,4
1026,7,59,1
1027,559,3,4
1028,30,20,1
1029,923,1,2
1030,1394,18,1
1031,1879,65,2
1032,1035,93,4
1033,1155,21,1
1034,959,82,2
1035,1111,75,4
1036,137,13,5
1037,1448,21,2
1038,104,67,1
1039,1012,19,5
1040,1078,84,1
1041,584,11,2
1042,507,34,4
1043,623,87,4
1044,820,41,4
1045,1590,100,1
1046,1888,19,4
1047,1444,77,3
1048,394,20,3
1049,1432,10,4
1050,1405,66,5
1051,1460,69,2
1052,1523,32,1
1053,1925,65,2
1054,32,7,2
1055,1386,41,2
1056,1337,5,5
1057,1462,87,2
1058,1827,91,4
1059,1645,9,3
1060,911,13,4
1061,166,1,5
1062,1755,51,2
1063,1485,36,3
1064,288,57,1
1065,869,70,4
1066,1399,81,5
1067,1364,55,3
1068,1169,74,3
1069,974,80,4
1070,1302,47,5
1071,1928,57,5
1072,614,33,3
1073,1266,85,3
1074,925,22,2
1075,1897,78,1
1076,1500,53,5
1077,689,31,3
1078,540,88,5
1079,390,88,5
1080,830,48,3
1081,807,62,2
1082,105,21,4
1083,885,93,5
1084,573,81,5
1085,998,52,1
1086,1587,69,3
1087,1665,9,2
1088,456,85,1
1089,1306,72,5
1090,414,67,4
1091,641,9,3
1092,76,97,1
1093,908,64,3
1094,1952,44,4
1095,922,97,4
1096,1572,77,1
1097,1377,38,2
1098,1456,40,1
1099,695,67,2
1100,373,96,1
1101,1901,60,4
1102,1481,22,3
1103,1695,71,3
1104,256,59,3
1105,956,80,2
1106,245,78,5
1107,492,29,3
1108,479,83,1
1109,729,84,5
1110,1346,58,2
1111,1772,19,3
1112,319,6,1
1113,20,53,4
1114,509,91,5
1115,1968,59,5
1116,1230,41,1
1117,496,15,3
1118,309,68,4
1119,1695,7,4
1120,953,2,1
1121,1657,47,3
1122,1846,62,3
1123,1887,77,5
1124,897,55,1
1125,754,66,1
1126,1720,19,3
1127,1539,50,4
1128,697,57,3
1129,1342,1,1
1130,173,12,5
1131,183,70,2
1132,1509,69,3
1133,666,87,3
1134,1244,42,3
1135,192,18,5
1136,1950,47,5
1137,1445,15,5
1138,1378,62,1
1139,1930,66,1
1140,1410,18,4
1141,1114,99,5
1142,1269,94,3
1143,1855,51,5
1144,354,1,2
1145,53,56,2
1146,1027,78,3
1147,803,4,4
1148,300,20,5
1149,1849,10,2
1150,231,70,3
1151,269,68,1
1152,1636,50,1
1153,1200,75,3
1154,1462,14,5
1155,1509,68,5
1156,1976,56,5
1157,1728,10,1
1158,462,95,3
1159,510,43,4
1160,491,92,3
1161,712,36,3
1162,1806,43,3
1163,313,30,3
1164,1899,33,3
1165,500,31,2
1166,589,1,1
1167,746,51,3
1168,133,5,1
1169,1863,95,1
1170,304,46,2
1171,1542,90,1
1172,587,38,2
1173,1642,13,3
1174,921,92,3
1175,1703,52,5
1176,1260,73,5
1177,1227,80,4
1178,1165,60,4
1179,613,58,3
1180,786,50,1
1181,1393,13,2
1182,209,41,3
1183,1346,87,2
1184,1838,11,2
1185,1912,29,1
1186,57,62,1
1187,1083,16,2
1188,403,21,1
1189,755,50,2
1190,1222,15,4
1191,278,41,2
1192,1986,20,2
1193,1571,27,4
1194,762,21,5
1195,786,34,3
1196,479,42,3
1197,600,42,2
1198,462,8,1
1199,1171,42,2
1200,1833,7,5
1201,1450,45,2
1202,1097,43,1
1203,1803,66,1
1204,1921,22,2
1205,1790,12,2
1206,1549,66,1
1207,1386,84,2
1208,1550,32,3
1209,1097,11,5
1210,188,72,2
1211,769,17,5
1212,840,47,1
1213,69,26,1
1214,235,68,1
1215,357,46,4
1216,768,21,1
1217,1359,62,4
1218,158,81,3
1219,116,38,1
1220,598,8,2
1221,794,25,1
1222,1918,45,5
1223,234,45,3
1224,1798,44,5
1225,898,38,4
1226,191,70,4
1227,46,27,3
1228,627,54,1
1229,711,71,4
1230,343,36,5
1231,1581,62,5
1232,1132,36,5
1233,997,17,3
1234,1633,11,4
1235,558,17,2
1236,581,49,2
1237,1250,72,3
1238,185,70,1
1239,1952,100,5
1240,1277,3,3
1241,304,19,1
1242,955,97,4
1243,1765,47,4
1244,1672,23,3
1245,147,25,1
1246,1032,6,1
1247,1212,42,1
1248,420,58,4
1249,1474,71,3
1250,365,51,5
1251,31,3,4
1252,481,82,2
1253,401,22,3
1254,1535,11,4
1255,1877,38,5
1256,486,61,5
1257,785,55,5
1258,828,23,2
1259,102,48,2
1260,1810,46,2
1261,364,52,4
1262,1041,100,5
1263,740,32,3
1264,136,52,1
1265,54,15,3
1266,945,24,3
1267,492,28,1
1268,1400,16,2
1269,1514,10,1
1270,1758,85,5
1271,1289,13,5
1272,1915,45,2
1273,1357,17,2
1274,944,44,3
1275,286,54,5
1276,1139,57,3
1277,1376,45,1
1278,1613,9,4
1279,907,83,5
1280,1221,34,4
1281,971,54,5
1282,39,53,3
1283,79,29,4
1284,1363,46,2
1285,1654,91,4
1286,1295,69,5
1287,542,1,3
1288,314,10,5
1289,1459,6,1
1290,329,82,1
1291,582,7,4
1292,1309,86,4
1293,965,85,5
1294,623,15,3
1295,961,90,4
1296,1933,82,3
1297,903,58,2
1298,151,12,2
1299,10,55,3
1300,698,13,4
1301,1487,41,2
1302,1907,57,4
1303,1088,55,5
1304,43,99,4
1305,751,40,1
1306,485,37,4
1307,1904,78,5
1308,1505,7,5
1309,1554,42,2
1310,1501,99,2
1311,1781,37,4
1312,587,18,1
1313,388,21,5
1314,814,27,3
1315,1592,54,4
1316,398,9,1
1317,1754,69,5
1318,183,77,5
1319,1455,53,1
1320,822,14,3
1321,1626,3,3
1322,389,70,2
1323,301,66,3
1324,336,86,1
1325,70,42,2
1326,498,20,1
1327,1088,44,3
1328,286,93,2
1329,1583,69,3
1330,1696,69,1
1331,1231,30,3
1332,348,64,2
1333,939,64,5
1334,695,22,1
1335,1675,40,5
1336,631,92,2
1337,169,13,4
1338,141,59,1
1339,1359,96,5
1340,1084,26,2
1341,64,4,4
1342,1284,100,5
1343,89,14,2
1344,1383,10,3
1345,1085,80,1
1346,1332,32,1
1347,1500,90,1
1348,691,50,5
1349,1108,75,1
1350,1042,61,1
1351,65,33,1
1352,132,39,5
1353,1232,32,2
1354,1340,46,3
1355,326,27,5
1356,733,32,5
1357,1945,82,4
1358,23,98,5
1359,1900,22,5
1360,587,89,1
1361,1482,11,4
1362,592,47,5
1363,1895,96,2
1364,127,38,3
1365,1185,80,5
1366,390,80,5
1367,209,39,1
1368,666,86,3
1369,1579,73,3
1370,840,71,3
1371,1042,70,2
1372,683,9,2
1373,331,39,5
1374,1271,85,1
1375,912,48,4
1376,578,17,4
1377,958,51,3
1378,354,25,4
1379,692,80,1
1380,1293,12,1
1381,7,58,5
1382,243,50,1
1383,856,89,2
1384,228,87,2
1385,1097,71,4
1386,636,97,5
1387,1149,98,2
1388,994,30,5
1389,950,39,1
1390,943,85,2
1391,1508,14,4
1392,1543,22,1
1393,758,48,4
1394,1211,34,3
1395,1904,71,1
1396,575,68,4
1397,839,49,2
1398,143,94,4
1399,1019,79,1
1400,1645,79,2
1401,277,7,3
1402,1876,61,2
1403,1499,69,2
1404,1530,78,4
1405,1352,4,2
1406,996,9,1
1407,258,74,2
1408,1106,41,5
1409,1898,83,4
1410,1345,25,4
1411,100,18,1
1412,853,85,5
1413,833,82,5
1414,1540,52,5
1415,357,32,3
1416,1528,33,1
1417,998,44,5
1418,1619,56,4
1419,1113,4,3
1420,1288,34,4
1421,1763,38,4
1422,1394,73,5
1423,772,75,4
1424,1750,39,5
1425,217,38,2
1426,11,79,2
1427,1060,69,2
1428,498,82,2
1429,1044,15,2
1430,1299,47,1
1431,1488,70,3
1432,768,1,5
1433,88,87,5
1434,427,26,5
1435,1407,60,4
1436,1282,71,1
1437,35,61,3
1438,807,17,1
1439,1269,44,3
1440,237,12,3
1441,1121,72,1
1442,601,11,4
1443,487,22,2
1444,1258,69,2
1445,416,69,1
1446,1670,6,1
1447,572,22,4
1448,1908,56,4
1449,180,33,2
1450,1201,91,5
1451,23,92,5
1452,819,6,2
1453,1195,82,5
1454,540,90,3
1455,112,46,1
1456,1133,35,2
1457,190,12,3
1458,578,24,3
1459,1346,26,2
1460,1665,6,4
1461,701,100,2
1462,1157,67,4
1463,1519,6,1
1464,520,10,5
1465,952,51,1
1466,168,57,5
1467,568,28,4
1468,244,25,5
1469,68,40,4
1470,1717,5,2
1471,1802,82,2
1472,1877,20,4
1473,1914,1,5
1474,1553,80,4
1475,114,75,3
1476,1376,76,3
1477,445,100,4
1478,877,100,5
1479,332,64,5
1480,1857,60,4
1481,1036,38,5
1482,600,1,3
1483,1789,53,5
1484,1139,17,1
1485,98,2,1
1486,14,25,2
1487,1720,15,5
1488,340,14,5
1489,1135,29,4
1490,37,56,4
1491,1431,65,3
1492,1974,82,1
1493,479,47,3
1494,1013,98,1
1495,253,64,5
1496,1677,28,4
1497,132,15,5
1498,1839,51,2
1499,1592,5,3
1500,788,68,2
1501,1161,77,1
1502,1998,45,5
1503,1578,53,1
1504,744,37,1
1505,856,96,4
1506,420,59,2
1507,1980,21,3
1508,199,34,2
1509,524,91,4
1510,1791,12,1
1511,1783,56,3
1512,178,64,4
1513,549,99,3
1514,1876,63,2
1515,1001,27,4
1516,1978,48,5
1517,831,5,2
1518,75,87,1
1519,1349,81,5
1520,1808,71,3
1521,478,70,1
1522,1399,52,3
1523,567,59,1
1524,619,96,1
1525,1555,26,5
1526,310,52,3
1527,1995,20,5
1528,1624,94,5
1529,1146,36,1
1530,1185,77,5
1531,48,40,5
1532,1083,89,1
1533,1338,30,3
1534,1295,15,2
1535,698,64,4
1536,1519,41,3
1537,373,47,4
1538,1577,79,4
1539,1314,50,2
1540,1778,83,1
1541,1933,52,4
1542,724,67,2
1543,482,33,2
1544,1768,10,1
1545,987,83,1
1546,1435,9,3
1547,1140,98,4
1548,1016,71,4
1549,303,50,3
1550,1405,47,2
1551,658,90,5
1552,312,8,5
1553,857,24,1
1554,1716,87,4
1555,1079,44,5
1556,273,70,5
1557,402,49,2
1558,219,55,4
1559,338,97,4
1560,223,97,2
1561,471,57,3
1562,264,63,5
1563,1777,75,3
1564,441,75,4
1565,1687,90,3
1566,30,45,4
1567,901,59,5
1568,247,34,3
1569,1404,46,3
1570,823,15,1
1571,754,64,5
1572,213,62,5
1573,695,63,5
1574,22,36,2
1575,1861,25,2
1576,14,42,1
1577,778,39,2
1578,1187,57,2
1579,1841,63,4
1580,609,43,2
1581,1012,14,3
1582,1804,94,2
1583,1544,92,4
1584,26,61,2
1585,183,68,5
1586,1460,41,1
1587,1759,57,1
1588,114,28,3
1589,942,71,2
1590,636,25,1
1591,1787,85,4
1592,696,52,3
1593,1254,62,2
1594,219,97,1
1595,1513,27,5
1596,392,19,1
1597,1664,15,2
1598,1189,95,4
1599,1208,83,1
1600,948,69,1
1601,1700,30,1
1602,1024,99,3
1603,1252,71,5
1604,449,24,4
1605,1657,87,1
1606,979,13,3
1607,1135,42,2
1608,395,22,2
1609,470,84,1
1610,394,53,5
1611,1270,11,2
1612,226,2,4
1613,630,61,4
1614,737,36,3
1615,1025,58,2
1616,1176,55,4
1617,1151,44,1
1618,1126,22,5
1619,1325,33,2
1620,6,92,3
1621,1627,9,2
1622,1045,76,1
1623,50,30,5
1624,293,21,5
1625,1749,16,4
1626,1305,17,3
1627,1459,73,3
1628,1632,70,4
1629,1087,25,5
1630,716,13,3
1631,1035,51,4
1632,471,13,2
1633,882,26,4
1634,85,20,3
1635,621,17,5
1636,850,38,2
1637,575,68,4
1638,25,6,2
1639,616,39,1
1640,1448,16,4
1641,579,64,5
1642,1258,96,5
1643,1124,37,2
1644,1235,48,2
1645,1907,72,4
1646,975,92,1
1647,990,28,1
1648,293,69,1
1649,152,55,1
1650,1544,50,1
1651,81,6,5
1652,30,68,1
1653,1415,55,3
1654,1583,6,2
1655,159,59,3
1656,1823,42,4
1657,988,5,5
1658,1604,23,3
1659,464,15,4
1660,1867,61,3
1661,765,8,4
1662,433,76,1
1663,744,36,1
1664,1885,100,3
1665,190,66,3
1666,1276,54,4
1667,300,73,2
1668,597,75,1
1669,944,94,3
1670,211,88,5
1671,470,85,3
1672,851,30,3
1673,1471,46,2
1674,1083,72,1
1675,1213,4,3
1676,1910,44,3
1677,7,44,2
1678,1358,43,3
1679,1385,22,4
1680,731,28,1
1681,1832,64,5
1682,594,31,5
1683,833,24,5
1684,60,1,3
1685,864,12,1
1686,737,27,3
1687,707,85,1
1688,1805,60,5
1689,1289,3,2
1690,119,82,1
1691,1052,55,1
1692,593,82,2
1693,1160,58,2
1694,740,65,2
1695,565,88,1
1696,1439,73,2
1697,935,25,3
1698,1251,22,3
1699,738,62,4
1700,288,13,2
1701,661,25,1
1702,1217,71,2
1703,1310,26,3
1704,1628,28,4
1705,1024,11,3
1706,618,38,3
1707,1703,21,1
1708,699,42,3
1709,774,53,3
1710,1203,69,2
1711,873,33,5
1712,689,60,2
1713,105,11,2
1714,1661,5,4
1715,72,39,3
1716,1816,25,2
1717,63,24,4
1718,359,6,1
1719,1838,57,1
1720,1111,52,3
1721,533,35,5
1722,1972,62,2
1723,1953,43,3
1724,1344,79,1
1725,297,23,1
1726,1185,72,3
1727,1823,41,2
1728,208,86,2
1729,515,88,1
1730,1637,63,5
1731,266,77,5
1732,1027,57,2
1733,1040,57,3
1734,919,45,3
1735,117,75,4
1736,484,69,3
1737,1046,94,3
1738,1150,61,2
1739,331,36,5
1740,1988,57,5
1741,1461,57,1
1742,1207,96,1
1743,404,57,4
1744,1155,26,1
1745,600,95,1
1746,429,16,3
1747,920,20,2
1748,510,93,2
1749,1372,51,5
1750,1091,15,5
1751,1429,3,3
1752,1318,26,3
1753,632,75,5
1754,1162,70,1
1755,1913,48,4
1756,1329,19,2
1757,519,31,5
1758,1485,71,1
1759,488,11,4
1760,1965,97,4
1761,1864,25,2
1762,1994,97,5
1763,209,15,4
1764,1281,9,4
1765,937,64,3
1766,1085,22,3
1767,1193,49,5
1768,1917,97,3
1769,694,20,4
1770,1512,24,3
1771,1074,71,5
1772,629,36,3
1773,1024,84,5
1774,1344,81,3
1775,1000,1,2
1776,1702,92,1
1777,1942,74,4
1778,82,45,2
1779,1963,26,5
1780,513,39,4
1781,1466,18,4
1782,393,75,2
1783,114,15,2
1784,1570,62,1
1785,341,68,3
1786,74,42,1
1787,1580,25,2
1788,950,88,1
1789,961,25,4
1790,1724,72,3
1791,300,18,1
1792,342,94,5
1793,957,93,3
1794,619,93,5
1795,827,2,4
1796,478,39,3
1797,1130,66,5
1798,620,63,4
1799,729,97,4
1800,1071,17,5
1801,1241,61,2
1802,1944,28,5
1803,1125,50,5
1804,303,67,2
1805,685,24,4
1806,72,6,5
1807,827,100,1
1808,968,92,5
1809,1180,7,5
1810,1182,65,3
1811,1461,9,3
1812,633,64,3
1813,1045,87,5
1814,559,84,2
1815,1904,9,1
1816,204,5,3
1817,1393,29,3
1818,1960,91,3
1819,410,44,5
1820,1813,62,1
1821,1716,84,4
1822,807,12,1
1823,1652,28,4
1824,1360,35,5
1825,1643,22,1
1826,853,59,2
1827,466,52,4
1828,1765,25,1
1829,1009,23,2
1830,58,64,5
1831,1197,38,2
1832,1652,14,3
1833,416,79,5
1834,303,8,3
1835,923,69,2
1836,212,15,2
1837,1762,2,1
1838,287,81,5
1839,438,25,2
1840,927,37,3
1841,602,8,1
1842,1743,46,1
1843,537,4,5
1844,1625,1,2
1845,1508,100,1
1846,711,78,1
1847,284,76,5
1848,40,79,4
1849,1970,42,4
1850,1235,38,5
1851,1158,55,5
1852,1504,53,5
1853,1929,40,1
1854,1654,42,3
1855,1260,2,3
1856,1741,54,1
1857,276,54,5
1858,277,71,2
1859,1905,61,3
1860,1723,31,2
1861,179,9,2
1862,1260,91,2
1863,1432,33,1
1864,895,93,5
1865,1352,68,3
1866,451,45,1
1867,1663,33,5
1868,914,69,1
1869,1383,39,4
1870,1505,33,4
1871,975,33,5
1872,1913,65,4
1873,1285,70,5
1874,620,39,4
1875,2000,79,2
1876,1865,80,2
1877,1105,22,3
1878,631,78,4
1879,1868,50,5
1880,1182,33,4
1881,1788,85,3
1882,607,89,4
1883,1040,76,2
1884,1587,23,2
1885,629,91,1
1886,1347,9,3
1887,1960,41,5
1888,1773,47,1
1889,859,47,5
1890,529,56,5
1891,535,72,1
1892,1913,24,3
1893,998,25,1
1894,1006,98,5
1895,1149,44,1
1896,1357,19,2
1897,1885,82,3
1898,1758,44,1
1899,1470,89,2
1900,25,64,1
1901,305,76,3
1902,83,14,1
1903,1256,47,5
1904,1,7,3
1905,1501,36,3
1906,1703,42,3
1907,607,82,1
1908,1663,49,2
1909,686,98,5
1910,1229,93,1
1911,1131,62,4
1912,587,86,2
1913,1999,57,2
1914,659,16,1
1915,1895,76,1
1916,791,86,2
1917,412,40,4
1918,114,77,4
1919,4,16,2
1920,1610,69,4
1921,565,93,3
1922,1088,54,2
1923,1757,42,4
1924,1882,63,3
1925,1096,80,1
1926,1325,88,2
1927,202,46,3
1928,1483,53,3
1929,1525,36,3
1930,1195,21,5
1931,1761,65,4
1932,146,51,4
1933,998,11,1
1934,1912,13,3
1935,226,20,1
1936,624,95,1
1937,327,24,2
1938,1318,67,4
1939,845,83,5
1940,1816,46,1
1941,1579,60,4
1942,1157,72,2
1943,740,37,3
1944,654,66,1
1945,35,73,2
1946,1495,15,1
1947,1356,13,3
1948,1564,18,1
1949,786,77,1
1950,529,26,1
1951,1162,28,4
1952,1444,7,1
1953,1821,40,5
1954,583,37,1
1955,196,72,5
1956,1456,12,2
1957,290,80,4
1958,1779,20,5
1959,980,88,1
1960,1179,35,5
1961,1114,64,1
1962,1297,27,1
1963,681,43,5
1964,1920,56,1
1965,1085,65,5
1966,1293,9,1
1967,1841,34,5
1968,49,31,5
1969,1229,96,4
1970,600,38,4
1971,537,32,4
1972,267,6,3
1973,707,77,2
1974,841,32,1
1975,999,14,1
1976,1108,66,1
1977,349,84,2
1978,1121,45,5
1979,1152,66,5
1980,1562,32,2
1981,1235,21,1
1982,913,88,3
1983,1007,42,3
1984,626,60,5
1985,236,7,3
1986,1809,77,4
1987,1786,57,4
1988,794,37,3
1989,42,80,4
1990,1693,1,1
1991,114,62,1
1992,491,84,4
1993,1764,28,2
1994,1332,69,3
1995,1311,56,4
1996,988,43,5
1997,493,78,1
1998,1531,3,4
1999,1451,8,3
2000,539,71,4
2001,79,67,3
2002,387,5,1
2003,1193,52,2
2004,1552,61,5
2005,1311,45,2
2006,1866,50,5
2007,1776,40,2
2008,500,34,2
2009,892,82,2
2010,396,23,3
2011,99,32,2
2012,1014,83,4
2013,1382,88,4
2014,1028,80,2
2015,1679,70,2
2016,783,99,4
2017,93,45,5
2018,555,32,4
2019,373,82,3
2020,258,35,3
2021,428,62,3
2022,1657,32,2
2023,990,24,5
2024,1320,34,1
2025,1482,69,4
2026,266,58,3
2027,1419,9,1
2028,457,40,5
2029,313,38,4
2030,889,94,1
2031,970,15,3
2032,252,18,3
2033,1816,29,1
2034,1291,6,1
2035,1795,39,5
2036,441,44,1
2037,996,71,4
2038,746,47,4
2039,1808,40,4
2040,1973,15,1
2041,450,42,4
2042,533,75,2
2043,706,42,3
2044,1069,90,4
2045,83,9,3
2046,1334,80,1
2047,113,58,1
2048,561,25,1
2049,1180,75,3
2050,294,32,1
2051,1473,51,1
2052,1058,96,1
2053,127,61,2
2054,735,91,2
2055,1229,16,1
2056,899,74,1
2057,1351,35,1
2058,957,66,2
2059,1011,100,1
2060,1041,33,4
2061,1946,60,1
2062,158,44,1
2063,935,19,5
2064,1550,93,3
2065,1448,45,4
2066,977,75,4
2067,780,64,2
2068,124,91,4
2069,476,35,4
2070,545,78,2
2071,1413,97,1
2072,539,40,1
2073,1442,50,2
2074,1521,76,3
2075,1226,30,4
2076,1713,60,5
2077,1143,86,3
2078,1236,11,2
2079,1014,75,1
2080,1953,38,4
2081,1951,65,4
2082,1589,74,1
2083,776,22,1
2084,1104,30,5
2085,1106,53,1
2086,303,36,4
2087,61,44,1
2088,782,38,3
2089,1638,76,2
2090,94,28,4
2091,1361,30,3
2092,1465,78,5
2093,1140,78,2
2094,1305,1,1
2095,162,15,5
2096,438,71,5
2097,152,80,5
2098,527,24,2
2099,1450,93,1
2100,1553,68,5
2101,423,31,4
2102,1909,20,5
2103,1248,46,4
2104,1621,57,1
2105,987,5,5
2106,1478,95,1
2107,1460,19,3
2108,1737,78,5
2109,1084,51,3
2110,490,92,1
2111,649,63,2
2112,596,79,3
2113,223,95,3
2114,529,55,5
2115,544,69,4
2116,274,76,1
2117,237,72,4
2118,595,8,2
2119,1171,69,4
2120,1135,71,2
2121,829,56,5
2122,90,1,4
2123,443,9,3
2124,222,73,1
2125,237,26,5
2126,932,46,2
2127,1044,71,1
2128,71,16,3
2129,630,72,5
2130,1342,26,2
2131,1602,39,1
2132,1484,53,2
2133,1460,12,1
2134,1659,69,4
2135,1779,63,3
2136,1191,68,4
2137,895,44,5
2138,1076,36,5
2139,766,7,3
2140,117,71,1
2141,1735,59,1
2142,440,10,5
2143,548,96,1
2144,189,65,1
2145,157,87,3
2146,94,10,1
2147,1327,31,2
2148,1987,45,4
2149,309,53,1
2150,1167,92,3
2151,1870,75,3
2152,729,25,5
2153,595,85,5
2154,676,2,1
2155,419,62,1
2156,1368,60,2
2157,1635,87,2
2158,288,75,1
2159,909,63,2
2160,1165,86,4
2161,60,1,1
2162,1862,83,2
2163,716,77,2
2164,1148,11,5
2165,1374,87,5
2166,1473,2,2
2167,1344,71,1
2168,1047,71,5
2169,1229,28,1
2170,1813,99,2
2171,1249,53,5
2172,446,96,4
2173,1335,6,4
2174,664,28,5
2175,1301,18,3
2176,251,36,4
2177,1450,72,4
2178,811,73,2
2179,1229,58,5
2180,769,60,4
2181,716,88,5
2182,484,55,5
2183,599,39,4
2184,1314,35,4
2185,986,26,1
2186,599,16,5
2187,1596,70,4
2188,1439,9,1
2189,275,57,1
2190,1867,67,5
2191,141,17,5
2192,1551,93,1
2193,1162,49,1
2194,21,53,5
2195,1623,55,3
2196,335,8,1
2197,1199,86,1
2198,777,64,5
2199,77,23,5
2200,822,75,4
2201,639,1,3
2202,270,54,1
2203,1111,68,5
2204,1047,5,1
2205,1695,33,5
2206,1934,10,2
2207,1967,95,2
2208,1357,16,1
2209,525,16,4
2210,361,31,5
2211,276,83,3
2212,1250,28,4
2213,1281,87,1
2214,633,65,4
2215,1191,92,3
2216,1346,35,2
2217,1264,4,1
2218,1945,74,3
2219,1412,85,1
2220,1595,23,2
2221,243,100,4
2222,1401,99,3
2223,1295,56,1
2224,1750,80,3
2225,40,73,1
2226,487,24,2
2227,433,51,3
2228,1075,83,4
2229,1647,71,1
2230,474,52,4
2231,1389,60,4
2232,1698,58,5
2233,1976,45,4
2234,1520,14,4
2235,412,69,1
2236,639,86,4
2237,1501,34,3
2238,216,73,4
2239,1202,44,1
2240,839,48,5
2241,1844,65,5
2242,1230,56,4
2243,1516,16,4
2244,476,20,3
2245,1845,11,2
2246,1513,9,5
2247,1164,94,1
2248,1087,79,1
2249,1298,23,3
2250,1315,90,1
2251,1140,7,1
2252,906,36,4
2253,634,99,2
2254,1349,64,4
2255,1987,80,1
2256,155,85,5
2257,1743,15,1
2258,1587,24,5
2259,1528,11,1
2260,521,81,3
2261,1384,52,5
2262,18,63,4
2263,1941,46,4
2264,1479,50,1
2265,636,65,1
2266,1747,40,5
2267,1840,74,1
2268,1362,58,5
2269,140,64,4
2270,1820,17,3
2271,1202,83,1
2272,1115,72,1
2273,99,15,5
2274,570,99,1
2275,645,83,2
2276,253,26,2
2277,1106,77,5
2278,1872,13,2
2279,640,44,2
2280,392,75,1
2281,157,14,5
2282,1274,66,5
2283,430,30,2
2284,151,7,1
2285,1953,65,4
2286,1559,57,5
2287,1034,88,2
2288,1091,66,5
2289,98,23,3
2290,1182,29,1
2291,1524,44,5
2292,755,33,3
2293,1743,97,2
2294,195,73,3
2295,249,61,1
2296,1179,63,5
2297,43,77,1
2298,1743,65,1
2299,1107,35,4
2300,1215,45,1
2301,1750,87,3
2302,22,54,3
2303,1926,31,2
2304,1748,21,3
2305,1598,11,2
2306,842,23,2
2307,418,25,1
2308,862,100,2
2309,1965,15,3
2310,1167,27,3
2311,1218,27,4
2312,1028,81,5
2313,229,87,2
2314,1261,52,1
2315,1976,88,5
2316,165,28,2
2317,23,54,2
2318,1377,83,3
2319,1901,42,1
2320,1913,6,4
2321,1932,93,5
2322,68,45,2
2323,1272,78,1
2324,75,66,2
2325,1368,69,1
2326,1436,62,2
2327,54,93,2
2328,1698,57,1
2329,986,17,5
2330,1082,3,3
2331,363,17,4
2332,1019,98,3
2333,173,89,2
2334,1350,68,2
2335,1961,93,1
2336,498,62,5
2337,1259,47,4
2338,796,44,4
2339,498,77,5
2340,167,18,4
2341,1460,91,4
2342,116,77,1
2343,134,72,2
2344,916,67,5
2345,1655,35,5
2346,1339,92,3
2347,1882,80,4
2348,1027,78,1
2349,1102,22,4
2350,1622,84,4
2351,1094,35,5
2352,1114,93,2
2353,867,90,4
2354,1606,29,1
2355,185,100,3
2356,1233,15,5
2357,502,40,2
2358,1449,56,3
2359,823,93,4
2360,1672,30,5
2361,502,82,5
2362,1700,26,5
2363,407,99,1
2364,225,44,4
2365,1719,29,3
2366,773,80,2
2367,988,80,1
2368,186,9,5
2369,1586,64,5
2370,484,87,5
2371,593,83,5
2372,433,52,5
2373,1846,36,3
2374,1078,71,5
2375,1712,90,4
2376,124,28,5
2377,832,7,5
2378,1118,20,3
2379,1231,11,5
2380,922,54,2
2381,960,13,2
2382,621,91,5
2383,1011,82,2
2384,1949,59,1
2385,472,68,1
2386,1290,79,5
2387,1385,64,3
2388,874,19,1
2389,838,32,1
2390,463,18,4
2391,1957,100,3
2392,1776,24,4
2393,675,68,5
2394,1683,77,2
2395,384,45,5
2396,1782,26,1
2397,860,72,5
2398,917,60,1
2399,75,21,4
2400,377,90,5
2401,286,54,2
2402,853,94,4
2403,1287,49,3
2404,1161,70,3
2405,455,93,3
2406,1106,82,5
2407,1191,79,4
2408,803,75,4
2409,312,5,5
2410,200,49,4
2411,1755,70,4
2412,1561,42,5
2413,1266,25,1
2414,514,97,5
2415,1811,42,3
2416,1442,62,2
2417,1111,87,3
2418,79,5,1
2419,309,54,1
2420,460,7,4
2421,695,95,2
2422,595,61,3
2423,505,33,3
2424,741,70,5
2425,669,14,2
2426,1235,54,3
2427,455,67,4
2428,694,15,2
2429,770,20,5
2430,8,35,5
2431,1295,48,3
2432,926,21,3
2433,1774,18,5
2434,1078,49,2
2435,1854,93,4
2436,667,60,3
2437,1225,46,3
2438,1955,31,4
2439,36,99,2
2440,1650,40,4
2441,241,24,4
2442,852,34,4
2443,747,21,4
2444,1384,49,1
2445,1859,23,3
2446,1319,79,1
2447,1594,42,5
2448,768,66,5
2449,602,93,4
2450,1701,95,2
2451,874,95,5
2452,1389,96,2
2453,225,81,1
2454,1745,82,2
2455,608,97,3
2456,1598,6,5
2457,918,42,2
2458,1203,39,4
2459,20,66,1
2460,459,98,2
2461,322,5,3
2462,641,77,4
2463,1028,82,2
2464,995,32,3
2465,1603,10,1
2466,319,100,4
2467,555,98,2
2468,1225,23,4
2469,728,94,1
2470,1398,29,5
2471,763,64,3
2472,207,9,1
2473,568,74,4
2474,1438,59,1
2475,701,64,3
2476,287,100,2
2477,1091,8,1
2478,193,97,3
2479,1347,46,1
2480,1105,41,2
2481,1129,71,1
2482,495,39,4
2483,23,47,2
2484,1295,51,3
2485,857,65,5
2486,1046,17,4
2487,1481,48,5
2488,1870,58,1
2489,1354,95,4
2490,106,11,1
2491,177,10,2
2492,123,90,2
2493,335,91,5
2494,829,99,1
2495,1095,22,4
2496,413,47,4
2497,332,54,5
2498,664,98,4
2499,1480,83,3
2500,577,9,2
2501,1727,63,5
2502,1625,88,4
2503,815,1,3
2504,1114,23,4
2505,1814,3,2
2506,659,95,5
2507,1003,8,2
2508,1800,29,4
2509,1150,55,1
2510,1567,44,2
2511,793,39,2
2512,1897,75,4
2513,817,49,4
2514,1088,31,1
2515,147,88,1
2516,85,62,5
2517,1948,48,2
2518,1703,93,5
2519,1185,24,4
2520,1756,38,5
2521,1396,9,2
2522,1860,30,4
2523,58,57,1
2524,1684,87,1
2525,2000,85,5
2526,1991,48,3
2527,1308,34,5
2528,1756,4,3
2529,272,68,1
2530,1699,12,5
2531,879,79,1
2532,1177,85,2
2533,196,54,4
2534,938,73,4
2535,798,75,1
2536,469,48,1
2537,1671,75,1
2538,1885,30,3
2539,1950,51,1
2540,1771,57,5
2541,1288,23,2
2542,1159,15,1
2543,1406,18,1
2544,1417,55,2
2545,1835,96,4
2546,1477,32,5
2547,1602,26,2
2548,1073,86,1
2549,1653,20,3
2550,310,73,2
2551,12,10,1
2552,427,25,3
2553,935,77,4
2554,1089,15,5
2555,78,46,2
2556,1704,65,1
2557,1438,2,1
2558,47,43,1
2559,1382,83,5
2560,1587,58,5
2561,1835,26,5
2562,1050,45,4
2563,1808,26,1
2564,973,36,4
2565,983,14,5
2566,613,70,2
2567,1593,21,2
2568,1568,99,5
2569,249,58,2
2570,520,16,3
2571,1441,75,5
2572,351,62,3
2573,1294,27,3
2574,422,62,2
2575,1703,26,3
2576,1799,7,3
2577,665,69,5
2578,1202,29,5
2579,847,98,4
2580,860,88,1
2581,830,13,4
2582,961,70,3
2583,1991,50,2
2584,1763,45,3
2585,310,6,1
2586,777,84,3
2587,1388,74,1
2588,967,10,2
2589,1950,97,5
2590,1807,43,3
2591,1129,63,5
2592,1452,12,2
2593,1505,90,3
2594,1578,93,2
2595,180,28,1
2596,1115,64,5
2597,735,97,2
2598,1946,55,5
2599,1985,16,2
2600,947,48,2
2601,1148,85,3
2602,743,97,3
2603,312,46,3
2604,460,32,4
2605,5,34,4
2606,1008,73,5
2607,604,41,3
2608,181,23,4
2609,1231,46,3
2610,121,65,1
2611,52,58,1
2612,159,98,3
2613,1769,58,4
2614,1399,47,3
2615,953,23,4
2616,140,82,2
2617,1898,66,3
2618,143,30,4
2619,1862,39,2
2620,1929,47,4
2621,649,94,2
2622,899,52,1
2623,512,7,3
2624,728,16,3
2625,348,86,4
2626,1092,95,2
2627,1202,39,3
2628,419,57,3
2629,1161,83,3
2630,779,50,1
2631,952,38,3
2632,1334,15,2
2633,1162,6,3
2634,1499,19,2
2635,17,66,5
2636,1936,63,5
2637,554,26,3
2638,1329,12,5
2639,1594,89,1
2640,738,49,2
2641,1680,68,4
2642,967,94,4
2643,772,92,4
2644,341,17,4
2645,420,48,4
2646,1416,98,3
2647,1261,43,3
2648,549,23,2
2649,346,61,2
2650,1631,5,2
2651,736,43,5
2652,1451,44,5
2653,1094,66,2
2654,66,50,2
2655,1282,77,4
2656,193,27,3
2657,1228,35,1
2658,1154,10,4
2659,504,82,2
2660,559,20,5
2661,180,8,5
2662,298,3,1
2663,1605,82,2
2664,874,2,5
2665,1045,86,4
2666,417,32,4
2667,646,70,1
2668,774,77,4
2669,825,75,5
2670,1692,54,1
2671,907,66,5
2672,759,61,2
2673,82,67,2
2674,971,32,1
2675,38,30,3
2676,1958,34,5
2677,1213,2,5
2678,1752,95,2
2679,1331,56,3
2680,969,43,5
2681,879,71,4
2682,964,71,5
2683,518,2,1
2684,135,29,1
2685,731,5,3
2686,1080,65,5
2687,474,67,5
2688,147,70,5
2689,1692,51,5
2690,716,21,4
2691,534,67,2
2692,1040,86,3
2693,1390,69,4
2694,295,76,5
2695,1357,29,5
2696,1712,30,5
2697,1612,23,3
2698,1692,78,3
2699,1403,61,3
2700,432,80,5
2701,594,27,1
2702,1931,86,4
2703,1123,31,5
2704,1526,76,3
2705,1705,100,1
2706,1515,96,4
2707,1950,94,4
2708,1512,63,3
2709,1219,43,3
2710,444,71,1
2711,1669,56,4
2712,1826,68,1
2713,966,11,2
2714,1766,71,1
2715,629,3,2
2716,997,100,2
2717,1374,36,2
2718,1055,26,1
2719,216,96,2
2720,1838,34,4
2721,1126,37,2
2722,1944,87,2
2723,1578,83,2
2724,199,55,2
2725,1666,70,4
2726,1639,68,1
2727,638,46,3
2728,1234,15,3
2729,1049,62,2
2730,363,25,5
2731,650,59,1
2732,1349,51,4
2733,1862,27,2
2734,269,24,4
2735,930,7,5
2736,900,48,5
2737,389,77,3
2738,492,43,1
2739,533,55,3
2740,1181,62,4
2741,270,93,1
2742,1021,28,2
2743,32,65,1
2744,1988,4,1
2745,1225,39,2
2746,163,8,3
2747,431,88,5
2748,976,11,5
2749,248,11,1
2750,796,61,4
2751,651,95,4
2752,784,51,4
2753,1704,70,5
2754,1268,35,2
2755,454,2,4
2756,346,66,1
2757,175,98,1
2758,889,32,2
2759,701,58,2
2760,910,33,3
2761,397,23,1
2762,885,31,5
2763,137,32,5
2764,876,7,4
2765,168,66,4
2766,956,77,2
2767,124,70,2
2768,814,71,5
2769,1057,35,3
2770,570,54,2
2771,1891,44,3
2772,1571,12,5
2773,292,88,3
2774,14,15,2
2775,727,86,4
2776,235,58,4
2777,821,53,5
2778,618,97,4
2779,1319,32,2
2780,405,82,1
2781,124,23,1
2782,1044,92,4
2783,1097,1,2
2784,1323,64,3
2785,488,100,3
2786,903,52,3
2787,1044,12,1
2788,688,52,3
2789,1501,72,5
2790,451,78,4
2791,854,79,1
2792,1858,22,5
2793,1889,1,1
2794,334,21,2
2795,353,36,5
2796,433,3,2
2797,310,86,2
2798,836,56,5
2799,929,59,1
2800,357,93,3
2801,1875,31,5
2802,1445,34,2
2803,573,56,3
2804,540,88,4
2805,396,40,3
2806,498,26,4
2807,1894,51,3
2808,529,9,1
2809,949,27,4
2810,110,65,4
2811,790,15,4
2812,1324,48,5
2813,445,14,5
2814,607,88,1
2815,1851,86,3
2816,707,39,5
2817,169,54,3
2818,339,97,5
2819,1169,5,5
2820,699,61,1
2821,1850,85,5
2822,1925,36,5
2823,430,69,5
2824,1058,86,1
2825,1664,49,5
2826,1989,73,4
2827,1052,56,3
2828,357,45,2
2829,752,14,5
2830,981,17,4
2831,175,36,4
2832,1643,12,5
2833,1260,7,2
2834,944,68,1
2835,515,17,1
2836,1317,32,4
2837,1644,67,5
2838,732,91,3
2839,929,67,5
2840,926,62,2
2841,436,9,4
2842,236,16,5
2843,1200,53,3
2844,1861,70,1
2845,419,20,4
2846,1050,66,4
2847,713,72,4
2848,1334,53,4
2849,1219,87,4
2850,1722,86,3
2851,977,88,2
2852,179,47,3
2853,611,14,2
2854,129,97,3
2855,1100,75,1
2856,1352,56,3
2857,499,6,4
2858,1361,41,3
2859,1959,52,4
2860,1623,17,3
2861,940,41,4
2862,1347,42,3
2863,1558,44,4
2864,699,21,5
2865,868,99,5
2866,342,52,5
2867,1299,53,1
2868,1903,36,5
2869,1453,9,3
2870,649,4,1
2871,1444,34,2
2872,838,99,4
2873,502,98,4
2874,184,98,2
2875,557,75,3
2876,1892,6,4
2877,67,71,2
2878,676,16,4
2879,1428,67,1
2880,723,51,5
2881,1672,37,5
2882,841,77,1
2883,1851,91,4
2884,683,35,4
2885,395,26,5
2886,518,85,1
2887,194,4,4
2888,900,64,1
2889,234,33,2
2890,1967,82,3
2891,498,50,1
2892,436,70,3
2893,1617,44,2
2894,431,32,2
2895,1102,12,1
2896,504,46,1
2897,1030,87,1
2898,1283,83,5
2899,1210,93,5
2900,568,62,4
2901,597,78,3
2902,164,72,1
2903,944,72,3
2904,872,55,5
2905,1112,81,2
2906,951,13,3
2907,1821,80,2
2908,1223,76,3
2909,854,10,3
2910,421,56,2
2911,1933,81,1
2912,1547,29,2
2913,1692,33,5
2914,1881,15,4
2915,1517,68,1
2916,321,6,1
2917,1579,95,1
2918,157,49,5
2919,426,16,5
2920,1136,63,3
2921,949,16,2
2922,1229,22,5
2923,1544,11,3
2924,1151,22,2
2925,236,38,3
2926,671,37,5
2927,819,7,3
2928,872,84,5
2929,1996,79,2
2930,1962,43,3
2931,762,7,5
2932,1977,92,3
2933,1602,29,5
2934,1812,18,2
2935,1455,2,5
2936,238,32,2
2937,1892,2,5
2938,1817,31,2
2939,1941,69,5
2940,537,33,2
2941,651,8,1
2942,596,10,5
2943,388,59,1
2944,217,38,1
2945,857,23,1
2946,1601,62,1
2947,1010,37,4
2948,904,31,5
2949,1324,85,4
2950,946,47,5
2951,1920,83,5
2952,1005,69,2
2953,529,71,5
2954,1788,54,5
2955,408,31,1
2956,264,100,3
2957,543,77,5
2958,573,78,1
2959,1756,55,3
2960,829,32,3
2961,876,39,5
2962,932,44,4
2963,1098,23,5
2964,350,87,3
2965,1632,55,2
2966,283,14,2
2967,327,77,5
2968,421,77,1
2969,630,32,3
2970,684,95,3
2971,574,72,3
2972,1002,11,1
2973,457,8,2
2974,1208,50,1
2975,884,12,2
2976,1034,58,4
2977,1021,20,2
2978,1626,61,4
2979,1691,99,1
2980,380,34,1
2981,138,89,2
2982,5,3,2
2983,356,54,1
2984,763,27,5
2985,319,50,5
2986,191,97,4
2987,1005,55,2
2988,1996,60,5
2989,1742,3,3
2990,216,17,1
2991,1198,35,4
2992,312,22,4
2993,1269,81,5
2994,557,41,5
2995,665,62,1
2996,1202,87,3
2997,25,99,4
2998,1286,58,1
2999,21,12,3
3000,419,61,3
