order_id,customer_id,order_date,total
1,419,2023-07-01,1394.21
2,792,2023-12-26,1161.42
3,930,2024-07-26,1474.71
4,360,2024-08-26,1445.35
5,540,2025-01-04,1295.9
6,10,2024-08-05,1287.28
7,904,2025-02-27,257.17
8,869,2024-01-28,799.12
9,439,2025-01-24,1394.73
10,315,2024-12-27,1230.53
11,671,2024-10-16,840.74
12,698,2024-03-01,936.06
13,848,2024-01-26,424.52
14,104,2024-09-14,763.26
15,525,2024-11-21,1395.04
16,721,2025-01-06,767.63
17,282,2024-06-01,722.23
18,404,2023-10-04,1204.47
19,148,2024-12-26,720.65
20,534,2024-04-10,148.58
21,267,2025-03-01,688.98
22,276,2024-09-29,473.96
23,547,2023-12-31,661.77
24,995,2024-05-10,135.41
25,79,2024-02-21,438.83
26,581,2024-07-12,440.54
27,110,2024-04-12,348.99
28,345,2024-07-04,817.27
29,992,2024-02-16,474.88
30,454,2023-06-25,1394.6
31,115,2023-06-30,1286.16
32,15,2025-03-31,973.04
33,909,2024-02-08,53.51
34,161,2023-12-15,735.61
35,608,2024-05-09,514.41
36,158,2024-05-23,1023.07
37,299,2023-05-03,1135.78
38,902,2023-05-17,207.55
39,932,2023-07-28,530.29
40,174,2023-12-28,601.07
41,309,2024-11-05,80.15
42,757,2024-06-17,237.23
43,738,2024-03-27,846.57
44,437,2023-05-22,1137.65
45,660,2023-05-24,1487.72
46,362,2023-06-10,1409.69
47,60,2024-02-12,658.26
48,773,2024-04-30,165.66
49,532,2024-10-29,254.33
50,164,2024-02-01,1194.7
51,60,2023-12-25,1352.05
52,881,2023-06-04,1290.5
53,112,2023-05-09,1024.24
54,332,2024-03-30,903.89
55,276,2024-10-27,964.22
56,639,2025-02-02,600.9
57,912,2025-03-14,217.58
58,378,2025-03-24,925.81
59,789,2024-01-11,1016.01
60,976,2024-11-28,133.58
61,751,2023-07-04,1275.51
62,357,2025-01-30,1015.9
63,157,2024-07-29,124.13
64,648,2024-02-26,960.66
65,642,2023-11-14,1090.93
66,739,2024-10-14,1047.02
67,600,2023-08-06,635.83
68,906,2023-10-14,948.28
69,257,2024-04-03,161.58
70,576,2025-01-06,657.76
71,320,2024-10-27,596.3
72,548,2024-03-11,319.86
73,996,2024-08-09,716.82
74,446,2024-05-20,72.42
75,611,2024-05-18,1321.7
76,495,2025-02-05,746.71
77,180,2023-05-02,574.0
78,768,2025-04-23,1147.33
79,396,2023-12-17,908.04
80,414,2023-06-15,616.09
81,497,2023-09-24,1415.08
82,580,2024-12-30,102.26
83,691,2023-08-29,772.1
84,907,2025-03-12,125.9
85,953,2024-05-13,768.19
86,978,2023-07-12,803.97
87,901,2024-09-04,943.16
88,932,2025-04-16,839.06
89,887,2024-02-17,202.3
90,843,2025-02-08,446.43
91,204,2023-06-20,678.32
92,107,2023-07-27,1173.55
93,908,2023-08-12,437.65
94,589,2025-01-17,841.71
95,483,2024-07-12,166.49
96,675,2025-01-04,1322.23
97,339,2023-10-12,263.01
98,177,2023-05-05,544.35
99,517,2024-01-31,210.29
100,943,2024-09-22,712.32
101,159,2024-06-08,920.46
102,523,2025-03-16,489.39
103,496,2023-11-26,568.67
104,544,2024-08-10,611.97
105,113,2024-04-09,266.03
106,146,2024-04-07,160.76
107,942,2024-01-25,463.83
108,907,2024-06-11,719.59
109,673,2023-07-31,492.48
110,624,2024-04-17,1139.82
111,159,2024-08-05,497.59
112,73,2024-01-27,1033.25
113,881,2024-12-01,123.65
114,888,2023-07-31,1294.14
115,756,2024-10-03,1327.91
116,378,2023-07-15,1047.79
117,946,2023-05-28,554.02
118,566,2024-06-04,1349.59
119,418,2024-07-13,1435.66
120,646,2025-02-03,414.78
121,520,2024-01-30,410.5
122,338,2023-07-08,548.21
123,786,2024-12-21,261.59
124,840,2023-06-20,738.36
125,5,2024-04-27,277.06
126,628,2024-09-23,200.22
127,769,2025-03-19,938.63
128,128,2023-05-09,1356.65
129,674,2025-04-16,1276.05
130,144,2024-08-29,750.33
131,430,2024-08-13,598.4
132,70,2024-04-29,387.05
133,180,2024-01-19,336.92
134,768,2024-04-11,1355.78
135,261,2023-09-03,1384.97
136,708,2025-04-15,1422.87
137,643,2024-06-27,1432.05
138,747,2024-05-05,1206.01
139,102,2024-09-16,1153.5
140,546,2024-03-17,60.07
141,987,2023-10-06,1321.05
142,331,2024-03-12,1369.88
143,206,2023-06-06,110.25
144,268,2023-06-22,793.65
145,487,2024-06-15,876.28
146,386,2024-02-14,439.78
147,518,2024-03-15,448.69
148,169,2024-07-07,493.18
149,739,2025-03-03,727.93
150,177,2023-06-06,990.7
151,119,2023-06-12,291.5
152,260,2024-03-07,1221.63
153,998,2024-01-22,117.28
154,707,2023-12-14,158.5
155,791,2024-10-15,939.53
156,560,2023-07-23,1136.14
157,577,2023-10-27,1352.0
158,932,2024-02-15,1381.15
159,808,2023-05-03,1447.56
160,917,2023-06-18,897.63
161,96,2024-04-25,813.24
162,157,2024-07-18,119.81
163,19,2024-08-24,234.7
164,95,2024-04-27,100.8
165,350,2024-08-26,1267.94
166,872,2023-06-25,361.61
167,947,2023-09-12,546.85
168,281,2024-10-25,538.0
169,782,2024-06-07,1175.46
170,338,2023-06-06,638.84
171,487,2025-01-07,1173.09
172,505,2024-02-19,102.2
173,883,2024-10-22,374.86
174,622,2023-11-20,1445.83
175,699,2023-10-05,1315.18
176,895,2023-07-07,792.55
177,573,2024-12-20,1393.88
178,391,2024-09-08,1071.82
179,625,2024-10-18,253.76
180,507,2025-01-08,1098.97
181,86,2024-01-31,1163.96
182,881,2025-02-06,668.24
183,120,2025-02-02,91.29
184,113,2024-08-13,1482.54
185,412,2023-08-03,83.59
186,992,2024-08-22,1094.06
187,712,2023-05-03,1218.0
188,654,2024-05-27,1123.85
189,106,2023-09-13,307.26
190,798,2024-11-25,678.09
191,562,2025-04-11,207.07
192,348,2024-10-29,80.72
193,995,2023-08-26,1210.42
194,330,2023-07-20,1039.04
195,992,2024-06-25,1446.61
196,976,2024-09-22,1005.49
197,804,2024-06-10,570.88
198,792,2024-10-31,1355.95
199,531,2025-01-12,1425.52
200,934,2024-04-20,102.19
201,678,2023-08-29,787.7
202,476,2023-06-20,332.4
203,559,2023-09-15,374.1
204,344,2025-03-10,1105.61
205,104,2024-03-23,130.73
206,381,2024-11-07,1217.06
207,365,2023-05-03,1194.57
208,605,2024-07-23,1160.62
209,342,2025-01-22,921.87
210,375,2023-11-16,433.09
211,919,2024-06-03,356.78
212,520,2023-10-17,1249.58
213,590,2023-10-20,776.53
214,512,2024-10-09,744.9
215,467,2024-07-27,1410.96
216,929,2023-10-03,672.71
217,760,2023-08-01,780.98
218,688,2024-03-02,296.9
219,579,2025-02-08,52.87
220,487,2023-06-19,172.67
221,805,2025-04-15,531.74
222,851,2025-04-16,661.51
223,244,2024-12-05,1227.51
224,174,2024-11-10,952.66
225,886,2023-10-22,307.58
226,490,2023-12-13,269.63
227,143,2025-03-31,1442.17
228,248,2025-03-12,1076.31
229,510,2023-11-18,155.39
230,414,2023-05-22,280.0
231,685,2023-04-30,107.97
232,782,2024-04-04,201.51
233,530,2023-07-27,1077.64
234,730,2024-06-01,602.92
235,301,2024-01-05,531.29
236,627,2025-03-17,341.68
237,349,2024-07-12,391.25
238,936,2023-12-01,321.54
239,571,2023-12-12,680.95
240,782,2024-12-08,376.76
241,234,2024-02-09,1433.58
242,527,2024-07-23,534.88
243,144,2024-11-21,270.24
244,886,2025-01-13,592.04
245,859,2024-09-04,977.55
246,717,2024-12-16,338.6
247,107,2025-02-10,1060.99
248,898,2023-08-13,735.34
249,663,2023-07-10,1170.93
250,550,2024-01-11,352.03
251,31,2023-07-18,152.68
252,157,2024-11-07,90.28
253,665,2025-02-08,1078.51
254,830,2023-12-28,478.4
255,314,2023-12-18,1104.8
256,425,2023-05-11,730.04
257,831,2025-03-28,218.33
258,402,2024-09-23,905.44
259,592,2024-04-30,594.95
260,305,2025-03-26,1217.7
261,707,2024-12-05,157.17
262,684,2025-03-03,947.62
263,962,2024-06-29,1366.52
264,845,2023-12-07,1263.72
265,318,2023-07-13,167.81
266,671,2024-10-15,1222.22
267,307,2024-10-09,584.58
268,522,2023-05-25,127.05
269,695,2024-09-15,1403.53
270,603,2023-11-16,1255.17
271,909,2023-05-15,1283.63
272,232,2025-04-18,314.15
273,288,2024-03-04,1476.23
274,585,2024-04-09,74.27
275,718,2024-06-01,1071.51
276,930,2023-12-13,216.13
277,422,2024-08-11,1270.21
278,680,2023-10-30,1346.18
279,584,2024-04-22,891.29
280,99,2023-10-24,739.17
281,345,2025-03-21,580.65
282,95,2023-05-27,1206.96
283,311,2023-07-29,1315.53
284,388,2023-09-03,464.61
285,134,2024-06-17,1232.13
286,565,2024-08-02,717.88
287,727,2024-02-26,1246.05
288,524,2025-01-04,979.22
289,619,2023-11-30,1468.75
290,254,2024-07-24,113.57
291,187,2024-11-04,1348.94
292,630,2023-05-31,590.35
293,419,2023-05-07,122.95
294,480,2023-10-25,1240.85
295,241,2024-10-25,499.69
296,2,2024-01-02,468.41
297,382,2023-06-27,887.63
298,774,2024-12-29,62.05
299,736,2024-07-30,670.61
300,850,2024-12-19,983.33
301,244,2023-09-19,166.83
302,637,2024-04-23,1126.89
303,369,2024-10-24,273.29
304,98,2023-07-14,1454.79
305,137,2024-12-11,361.73
306,414,2023-11-02,724.96
307,561,2024-08-22,1063.64
308,777,2023-11-19,447.12
309,243,2024-02-18,1333.18
310,508,2025-03-01,762.11
311,970,2024-10-15,975.56
312,152,2025-04-22,490.82
313,960,2023-07-27,596.89
314,523,2023-06-22,469.3
315,78,2025-03-08,1138.64
316,580,2024-06-21,320.93
317,954,2024-05-27,696.33
318,570,2024-06-07,76.77
319,932,2025-02-12,842.06
320,757,2023-04-27,165.24
321,811,2024-12-23,1429.44
322,677,2023-07-10,1095.1
323,983,2024-09-10,1373.33
324,676,2024-11-09,545.07
325,208,2024-11-13,301.63
326,360,2024-03-11,222.81
327,757,2024-03-02,949.3
328,819,2024-08-02,1039.71
329,358,2023-10-09,1318.7
330,272,2024-08-24,64.04
331,953,2024-06-22,1325.03
332,614,2023-10-27,1443.12
333,886,2023-10-07,447.88
334,720,2024-09-22,1365.22
335,827,2023-05-27,868.0
336,551,2024-11-21,367.78
337,210,2023-06-02,159.47
338,317,2023-09-05,1199.17
339,758,2025-04-18,727.36
340,51,2024-11-19,1186.75
341,139,2024-12-28,1387.34
342,851,2025-01-24,61.98
343,536,2023-05-22,1135.34
344,266,2023-10-17,1040.63
345,709,2023-09-26,1150.24
346,811,2023-07-14,968.93
347,894,2023-04-29,830.26
348,499,2024-01-16,907.05
349,864,2023-12-29,918.73
350,612,2023-05-04,877.9
351,986,2025-03-10,608.53
352,895,2023-07-28,408.1
353,663,2024-12-23,751.5
354,967,2025-04-08,318.47
355,152,2024-06-07,722.06
356,526,2024-07-21,937.13
357,812,2023-06-28,984.58
358,385,2023-11-08,509.64
359,184,2025-04-01,113.63
360,925,2023-12-15,1292.71
361,114,2024-04-10,1125.95
362,817,2023-07-19,720.56
363,513,2025-02-14,764.23
364,512,2023-10-10,1172.11
365,403,2024-01-28,67.17
366,238,2024-08-23,426.1
367,36,2024-12-31,440.72
368,191,2023-10-31,1185.51
369,646,2024-08-02,619.88
370,840,2024-10-21,94.22
371,268,2023-09-13,867.01
372,474,2024-11-07,870.18
373,354,2024-04-23,281.8
374,167,2023-11-20,131.42
375,439,2023-12-13,1488.8
376,327,2023-07-01,156.05
377,456,2024-05-15,999.23
378,731,2024-08-07,801.83
379,579,2023-08-24,113.05
380,292,2024-09-07,410.48
381,614,2025-02-06,235.51
382,323,2024-08-08,275.27
383,16,2024-07-08,992.4
384,313,2025-01-20,761.37
385,829,2024-08-04,61.96
386,624,2024-11-14,1080.0
387,188,2024-04-26,308.31
388,300,2025-01-17,927.63
389,156,2025-03-09,1201.53
390,735,2023-09-01,1181.12
391,939,2023-10-02,1076.76
392,433,2025-02-03,917.9
393,136,2024-09-26,210.95
394,735,2024-08-21,1044.5
395,244,2023-12-13,331.69
396,486,2024-08-21,730.0
397,861,2024-06-27,1446.64
398,77,2024-11-20,194.24
399,703,2024-04-06,162.59
400,881,2024-04-03,327.29
401,709,2023-06-21,402.91
402,477,2024-07-24,1367.26
403,720,2025-03-08,123.87
404,608,2023-11-03,771.92
405,801,2025-02-27,781.69
406,224,2025-01-16,854.08
407,903,2025-01-31,193.92
408,979,2023-12-31,723.06
409,308,2024-02-03,616.49
410,948,2024-01-05,1260.15
411,210,2024-12-27,739.85
412,587,2023-09-16,97.85
413,35,2024-04-10,81.54
414,677,2024-06-01,559.37
415,868,2023-07-08,564.74
416,534,2023-09-10,1443.19
417,408,2023-09-05,460.53
418,869,2025-02-15,1107.22
419,402,2024-05-02,661.9
420,305,2023-07-02,413.88
421,817,2023-12-26,530.69
422,533,2023-12-28,143.78
423,72,2023-09-21,1280.16
424,165,2024-08-22,1154.89
425,818,2024-11-28,409.23
426,211,2024-02-03,631.36
427,809,2024-10-12,486.6
428,197,2024-05-20,596.99
429,852,2024-10-03,1144.99
430,696,2024-03-05,812.72
431,977,2024-06-13,1273.42
432,142,2024-10-16,505.02
433,789,2024-12-07,85.12
434,109,2024-03-09,477.47
435,204,2024-07-18,834.25
436,781,2024-07-22,881.88
437,22,2024-02-08,208.11
438,852,2023-12-05,129.69
439,405,2023-05-02,1026.47
440,490,2024-10-30,970.97
441,797,2024-12-04,1079.07
442,280,2025-04-05,1129.75
443,697,2023-09-15,285.02
444,473,2025-01-20,593.85
445,187,2024-12-25,1221.74
446,647,2024-02-14,1034.14
447,438,2023-08-15,1360.01
448,300,2025-02-15,918.47
449,956,2023-10-07,920.46
450,224,2023-11-11,1033.71
451,309,2023-08-05,1035.74
452,874,2024-06-27,1044.59
453,671,2024-05-29,1372.61
454,944,2024-05-06,705.16
455,664,2023-08-06,1197.0
456,740,2024-02-22,953.45
457,607,2023-09-10,687.44
458,953,2024-08-25,745.64
459,589,2024-05-06,1436.06
460,313,2024-08-25,199.61
461,665,2025-01-09,560.87
462,170,2024-11-20,1021.72
463,378,2024-01-15,1007.76
464,269,2023-12-23,1168.71
465,533,2024-11-06,1444.11
466,704,2023-09-15,946.31
467,590,2024-12-26,652.48
468,322,2024-02-28,707.35
469,206,2023-12-20,385.75
470,207,2024-09-23,1263.18
471,47,2024-08-21,533.2
472,133,2023-08-04,1316.56
473,448,2025-03-15,668.91
474,735,2024-09-29,1026.2
475,127,2024-11-21,473.98
476,462,2023-06-28,310.67
477,547,2024-09-12,498.2
478,992,2023-07-05,881.36
479,645,2025-03-25,530.84
480,657,2024-12-26,796.25
481,839,2023-11-21,657.84
482,974,2024-04-08,890.61
483,818,2023-08-10,232.74
484,3,2023-11-17,751.69
485,865,2023-11-23,590.64
486,437,2023-12-02,705.35
487,867,2023-11-17,1451.98
488,377,2023-10-26,966.79
489,385,2023-07-25,397.12
490,548,2024-07-04,1037.04
491,331,2024-11-03,1234.12
492,128,2023-09-05,735.2
493,32,2025-03-19,614.49
494,683,2023-08-13,117.68
495,991,2023-05-05,141.54
496,951,2023-10-12,222.88
497,855,2025-03-20,497.41
498,779,2023-05-12,1113.21
499,354,2025-03-01,1289.44
500,572,2024-09-11,1136.98
501,623,2023-07-02,1301.7
502,216,2023-06-24,913.81
503,520,2024-02-26,1448.98
504,205,2024-09-05,918.29
505,725,2025-04-11,1395.39
506,494,2024-08-19,823.89
507,823,2024-11-04,628.23
508,919,2024-07-28,643.77
509,860,2023-12-21,1464.47
510,870,2023-07-08,1120.1
511,190,2024-08-24,965.05
512,961,2025-03-12,595.74
513,276,2024-08-29,862.32
514,374,2024-09-08,119.75
515,309,2023-05-02,708.58
516,291,2023-11-14,692.25
517,666,2025-04-23,874.11
518,599,2024-01-11,1182.65
519,253,2024-11-29,1000.23
520,163,2023-09-10,1048.69
521,721,2023-06-24,768.55
522,523,2024-12-18,599.41
523,780,2025-01-05,59.06
524,146,2024-08-12,78.49
525,334,2024-12-13,518.69
526,757,2025-02-05,1133.91
527,318,2024-03-14,586.91
528,199,2024-12-24,295.03
529,897,2023-07-15,1266.49
530,993,2025-01-03,428.13
531,399,2023-12-06,619.7
532,497,2024-09-22,619.33
533,215,2024-07-25,299.62
534,268,2024-11-05,106.32
535,927,2024-01-14,1369.57
536,978,2024-07-12,612.38
537,38,2024-03-09,759.21
538,349,2023-12-02,1296.11
539,905,2024-08-30,796.08
540,975,2024-03-08,1180.79
541,467,2024-03-17,473.03
542,848,2024-05-04,370.66
543,536,2025-04-23,780.02
544,957,2024-05-16,117.77
545,75,2023-04-29,61.94
546,539,2023-12-09,361.44
547,9,2024-01-20,1229.22
548,24,2024-04-01,1151.49
549,741,2024-03-04,1366.02
550,863,2024-12-11,587.81
551,114,2023-09-16,753.04
552,601,2025-03-31,179.47
553,644,2024-05-30,880.2
554,701,2024-05-29,663.42
555,976,2025-01-28,1070.26
556,548,2024-09-14,865.53
557,579,2024-03-04,1454.03
558,130,2024-07-13,503.77
559,779,2025-02-24,1371.24
560,193,2023-08-09,285.61
561,171,2025-03-31,1339.42
562,363,2023-04-25,941.61
563,712,2024-05-25,1206.89
564,113,2024-03-27,189.09
565,746,2023-04-27,82.34
566,409,2023-12-15,1275.01
567,658,2024-01-21,1375.15
568,395,2023-10-08,634.05
569,106,2024-06-25,632.34
570,969,2023-10-23,952.78
571,818,2025-03-04,91.58
572,116,2024-11-23,421.98
573,125,2024-01-16,888.27
574,531,2023-12-30,566.74
575,26,2023-04-30,505.15
576,781,2024-11-23,419.2
577,219,2024-04-20,1104.23
578,519,2024-09-07,918.01
579,445,2024-09-10,230.06
580,204,2023-06-29,948.11
581,459,2024-11-29,921.73
582,403,2024-01-07,1325.8
583,66,2023-11-21,875.82
584,611,2024-11-27,692.99
585,814,2023-07-21,374.56
586,131,2024-10-07,956.26
587,65,2024-08-22,512.59
588,908,2024-10-10,163.12
589,250,2023-08-28,888.0
590,490,2024-08-16,301.03
591,867,2023-09-25,491.29
592,415,2024-10-17,392.59
593,616,2024-07-09,363.47
594,937,2023-12-11,273.15
595,220,2023-11-24,766.45
596,75,2023-11-08,321.2
597,149,2025-03-06,547.81
598,651,2024-02-21,1262.5
599,138,2023-05-31,775.05
600,770,2025-03-07,1072.43
601,496,2024-09-26,812.92
602,360,2023-05-24,1393.97
603,780,2025-03-20,1093.13
604,514,2024-10-10,653.84
605,719,2024-03-02,368.58
606,369,2025-01-31,520.23
607,89,2024-05-05,195.33
608,548,2023-11-10,627.53
609,387,2025-01-12,662.37
610,651,2024-12-02,455.79
611,79,2025-04-13,1036.02
612,629,2023-12-20,934.03
613,99,2023-07-15,82.45
614,885,2023-08-10,1098.07
615,140,2024-03-08,75.59
616,941,2024-06-23,469.82
617,840,2024-06-08,874.4
618,668,2024-01-10,280.25
619,300,2024-09-04,862.33
620,642,2024-08-25,1260.77
621,745,2024-12-15,1073.94
622,3,2024-12-07,121.5
623,992,2024-05-16,796.43
624,709,2023-08-30,466.96
625,42,2025-01-06,570.81
626,277,2023-09-24,766.9
627,590,2023-05-27,1122.13
628,952,2024-05-01,129.79
629,339,2024-10-21,847.93
630,54,2023-06-21,648.66
631,996,2025-02-14,1268.61
632,880,2025-01-05,183.45
633,796,2024-10-20,438.84
634,808,2023-06-02,890.03
635,691,2023-11-22,751.64
636,808,2023-06-15,942.26
637,676,2024-06-24,1169.57
638,832,2023-11-04,779.8
639,817,2024-10-02,945.85
640,978,2024-05-13,442.75
641,387,2025-01-07,652.73
642,65,2024-06-28,1132.72
643,378,2023-10-22,1219.48
644,507,2024-04-10,57.06
645,291,2023-05-23,174.51
646,839,2024-10-24,1401.42
647,803,2023-09-30,1108.12
648,20,2023-08-20,555.84
649,789,2023-07-24,686.6
650,682,2024-05-21,643.63
651,89,2025-03-19,1125.84
652,287,2025-04-12,1331.8
653,891,2023-06-21,518.69
654,68,2024-04-18,1479.16
655,333,2024-07-25,692.02
656,276,2024-08-02,123.62
657,926,2024-11-16,675.5
658,50,2024-02-06,844.72
659,846,2024-01-20,267.92
660,945,2024-06-09,1115.49
661,387,2023-08-09,1224.23
662,572,2024-06-27,1208.07
663,620,2024-01-09,448.33
664,87,2024-03-26,314.11
665,760,2024-08-11,1044.95
666,644,2024-07-10,1165.75
667,309,2023-07-29,650.28
668,78,2025-01-30,121.68
669,864,2024-01-23,483.18
670,233,2024-11-28,867.64
671,601,2024-06-27,1278.23
672,954,2024-01-08,271.15
673,409,2024-11-01,1248.66
674,554,2024-12-08,402.22
675,197,2024-01-12,1079.73
676,872,2024-01-28,1006.93
677,664,2024-05-29,743.16
678,780,2023-04-25,280.04
679,491,2025-04-19,1495.76
680,951,2023-10-26,1420.43
681,662,2025-03-07,949.44
682,669,2024-04-24,647.17
683,191,2025-01-14,293.21
684,842,2023-10-31,249.91
685,581,2023-08-04,698.5
686,833,2024-08-22,1185.12
687,172,2023-06-03,359.58
688,113,2025-01-20,1169.57
689,759,2024-09-10,528.2
690,307,2023-12-31,566.34
691,636,2024-08-12,391.08
692,564,2025-01-07,709.88
693,98,2023-09-07,1116.03
694,472,2023-09-09,644.44
695,51,2023-07-24,502.31
696,466,2024-05-14,1083.68
697,515,2024-08-07,1144.88
698,998,2025-02-08,879.95
699,993,2024-07-12,754.29
700,394,2024-03-12,792.46
701,62,2025-02-02,1218.59
702,215,2024-10-22,474.88
703,89,2024-09-15,993.86
704,781,2023-09-06,596.27
705,459,2024-02-20,258.36
706,328,2024-02-02,544.73
707,449,2023-09-08,223.8
708,312,2023-12-27,488.56
709,947,2023-10-09,496.48
710,412,2024-11-29,212.04
711,834,2024-10-19,858.66
712,180,2024-02-12,904.27
713,510,2024-08-14,251.91
714,223,2024-05-05,993.36
715,833,2024-03-24,1158.15
716,568,2024-11-09,1421.23
717,744,2023-10-13,945.58
718,911,2024-01-08,1010.24
719,501,2024-03-17,289.15
720,800,2024-12-12,807.61
721,70,2024-08-30,930.67
722,513,2023-06-28,958.66
723,308,2024-03-07,337.81
724,573,2024-10-14,1018.31
725,266,2024-05-29,97.31
726,782,2023-11-28,545.76
727,866,2025-03-10,756.29
728,747,2024-08-21,87.43
729,214,2024-01-08,890.23
730,565,2025-03-13,471.98
731,581,2025-02-22,910.67
732,834,2024-11-27,791.61
733,694,2023-12-15,408.83
734,767,2024-05-30,1499.75
735,14,2025-02-25,584.25
736,131,2023-12-14,1008.42
737,807,2023-08-16,1148.94
738,74,2025-01-19,1195.3
739,712,2023-04-29,1007.05
740,189,2023-07-09,721.7
741,348,2024-04-09,89.9
742,69,2023-08-02,394.64
743,472,2023-05-28,376.32
744,163,2024-05-27,994.54
745,717,2024-02-22,765.0
746,292,2024-09-14,114.24
747,687,2024-07-14,1257.1
748,823,2025-04-03,1495.9
749,992,2023-07-28,303.79
750,189,2023-06-21,178.2
751,627,2023-09-01,876.35
752,805,2024-05-21,201.71
753,994,2023-11-22,290.43
754,15,2023-08-22,404.83
755,413,2023-08-16,1397.56
756,788,2024-08-13,815.06
757,138,2024-03-15,1104.61
758,870,2024-02-10,1167.4
759,910,2024-09-23,394.13
760,531,2024-06-16,436.27
761,918,2024-06-06,1138.15
762,39,2023-06-04,168.52
763,331,2024-01-12,345.13
764,320,2024-12-24,595.54
765,392,2025-02-08,222.39
766,60,2024-07-01,635.21
767,968,2023-10-02,300.25
768,33,2023-09-29,1143.56
769,934,2024-07-23,190.48
770,120,2024-07-06,1338.26
771,520,2024-06-09,985.35
772,455,2024-04-26,653.13
773,490,2024-03-19,898.41
774,960,2024-04-13,1213.06
775,604,2023-07-23,385.38
776,878,2023-07-21,1469.72
777,414,2025-03-07,1413.27
778,631,2025-01-03,697.04
779,267,2025-01-24,1371.75
780,484,2023-04-26,1441.44
781,89,2025-03-01,106.06
782,91,2024-07-09,973.12
783,872,2023-10-25,616.7
784,853,2023-09-27,1057.37
785,627,2023-10-06,176.4
786,511,2023-05-11,94.57
787,306,2023-12-13,796.64
788,719,2024-10-01,146.73
789,461,2023-06-26,1483.87
790,539,2024-11-06,152.5
791,923,2025-02-06,375.89
792,82,2025-02-03,73.97
793,185,2024-03-29,295.19
794,955,2023-09-04,691.87
795,270,2024-08-02,205.74
796,733,2025-04-12,483.11
797,418,2025-03-11,492.04
798,785,2025-04-05,397.54
799,268,2023-09-08,952.37
800,562,2024-06-30,207.05
801,850,2023-09-27,267.49
802,674,2023-06-23,123.63
803,522,2025-01-04,1472.4
804,959,2024-07-21,867.82
805,303,2023-09-15,921.82
806,348,2023-12-14,980.91
807,82,2024-12-29,1291.77
808,922,2023-05-26,786.51
809,838,2025-02-12,685.8
810,366,2025-03-03,427.11
811,939,2024-02-18,294.02
812,339,2024-05-15,914.91
813,71,2023-10-07,833.95
814,216,2024-08-20,1309.08
815,792,2025-02-06,1186.59
816,844,2024-06-16,1162.39
817,403,2023-07-29,409.34
818,125,2024-05-24,781.52
819,392,2024-10-31,433.06
820,333,2024-07-27,131.31
821,550,2023-06-13,531.31
822,276,2023-11-11,754.22
823,999,2023-07-19,425.67
824,693,2024-05-07,1411.58
825,773,2023-07-19,806.95
826,807,2024-06-15,565.83
827,886,2024-04-21,835.81
828,572,2024-09-26,1108.45
829,740,2024-01-13,1173.16
830,494,2025-03-21,981.7
831,526,2024-02-24,232.66
832,19,2024-06-01,1396.06
833,992,2023-10-12,1443.47
834,111,2024-07-31,233.1
835,737,2024-04-09,1119.16
836,765,2024-02-21,1427.36
837,114,2025-04-11,436.88
838,603,2024-03-11,388.53
839,244,2023-10-22,747.81
840,734,2024-07-11,1473.72
841,844,2024-11-15,900.08
842,345,2023-12-21,475.09
843,323,2024-07-25,1011.14
844,571,2024-05-16,1304.44
845,270,2023-12-16,254.38
846,634,2024-05-24,1268.37
847,859,2024-09-13,345.34
848,826,2023-07-01,735.95
849,862,2024-05-03,663.93
850,136,2023-05-28,1451.45
851,75,2023-05-06,904.12
852,177,2024-11-19,1225.37
853,900,2024-05-10,1413.37
854,472,2024-01-16,587.97
855,892,2025-03-22,1268.34
856,550,2024-12-25,1263.56
857,697,2025-04-23,239.69
858,307,2025-03-24,333.07
859,953,2025-01-06,1403.69
860,139,2023-06-02,113.08
861,253,2023-04-24,1461.71
862,601,2023-09-12,160.41
863,167,2023-07-04,1399.9
864,642,2023-05-25,1103.38
865,981,2024-06-17,1142.69
866,875,2024-11-17,1238.05
867,202,2024-02-12,381.3
868,26,2025-02-05,1051.93
869,940,2024-10-26,762.98
870,886,2024-11-12,1208.11
871,739,2024-07-06,375.75
872,82,2025-02-28,406.28
873,20,2025-02-13,707.64
874,798,2023-04-25,1416.61
875,371,2025-03-15,1357.61
876,973,2024-02-21,878.71
877,373,2024-12-29,1345.78
878,739,2024-10-12,491.53
879,102,2023-07-27,212.64
880,703,2023-11-09,419.18
881,163,2024-02-14,800.35
882,973,2024-06-27,144.54
883,895,2024-10-17,187.13
884,514,2023-06-02,611.06
885,52,2024-06-04,1302.78
886,727,2024-05-19,156.91
887,438,2024-12-04,181.9
888,408,2023-11-12,1222.06
889,659,2023-10-26,755.83
890,737,2024-01-07,246.86
891,12,2025-03-08,895.92
892,992,2023-11-13,658.82
893,745,2024-07-08,424.32
894,999,2024-07-04,842.22
895,525,2024-05-11,1435.68
896,32,2025-02-22,620.29
897,765,2025-01-19,1351.62
898,447,2024-04-12,1386.61
899,857,2024-04-06,581.51
900,464,2023-07-03,1318.36
901,590,2025-02-04,1382.92
902,70,2024-05-11,1420.73
903,888,2024-06-17,831.4
904,685,2024-06-04,1048.14
905,553,2025-02-27,463.44
906,886,2023-10-08,554.37
907,874,2025-01-03,903.76
908,600,2024-06-16,1005.79
909,586,2024-08-22,153.01
910,583,2024-10-13,1416.17
911,817,2023-12-23,140.57
912,743,2025-03-10,1392.66
913,39,2023-10-06,921.61
914,272,2025-02-24,494.99
915,956,2024-04-18,336.78
916,894,2024-04-06,1456.2
917,973,2024-12-29,664.85
918,122,2024-03-27,177.48
919,524,2024-07-31,746.9
920,487,2023-09-08,424.28
921,42,2025-01-26,470.88
922,447,2023-10-31,1421.52
923,493,2025-04-04,154.08
924,358,2023-05-30,1375.47
925,592,2024-06-11,831.65
926,686,2024-05-29,652.43
927,752,2024-07-20,1289.25
928,7,2023-06-16,1292.13
929,72,2023-11-23,291.17
930,369,2024-07-11,1299.23
931,443,2024-11-17,75.47
932,389,2024-05-13,523.36
933,978,2024-01-24,699.87
934,128,2024-07-01,1461.08
935,611,2024-10-02,612.92
936,582,2023-12-23,168.87
937,958,2024-12-20,1454.22
938,723,2023-09-29,485.66
939,633,2024-04-03,929.51
940,948,2024-08-26,986.98
941,829,2024-10-16,531.39
942,292,2023-12-11,422.77
943,402,2025-01-12,1215.83
944,813,2023-06-15,1451.24
945,245,2025-03-30,785.58
946,244,2023-10-29,1304.05
947,624,2024-06-04,406.24
948,710,2023-11-14,760.36
949,110,2024-05-16,1349.97
950,401,2025-04-16,1356.93
951,969,2025-03-28,1345.79
952,716,2024-09-05,1138.56
953,692,2024-04-04,420.79
954,945,2024-01-09,348.02
955,783,2024-05-17,129.86
956,951,2024-12-12,536.1
957,453,2023-08-25,1492.78
958,309,2023-06-20,710.08
959,598,2025-04-17,455.52
960,922,2023-08-29,245.25
961,121,2023-11-17,784.46
962,215,2024-12-12,1392.54
963,372,2024-11-28,1362.05
964,888,2025-02-05,594.13
965,337,2023-11-06,1327.81
966,457,2023-10-26,1440.65
967,770,2023-10-27,1406.38
968,125,2024-05-19,1233.56
969,171,2024-05-20,64.93
970,86,2025-02-26,1418.3
971,119,2024-09-10,1277.58
972,702,2023-07-19,1088.12
973,546,2023-07-26,321.79
974,689,2024-06-24,958.43
975,871,2025-03-15,1457.7
976,994,2024-09-12,1013.17
977,520,2025-01-07,670.44
978,147,2024-07-15,206.2
979,138,2024-08-15,1420.98
980,405,2024-06-03,286.18
981,165,2023-06-25,473.96
982,149,2024-07-05,1215.95
983,946,2025-01-10,110.83
984,698,2023-11-27,271.77
985,442,2023-12-09,1123.96
986,650,2024-03-13,1312.63
987,530,2024-02-23,1294.12
988,367,2024-05-05,399.19
989,88,2023-06-25,1432.64
990,998,2024-04-11,434.04
991,482,2024-03-28,623.6
992,662,2024-07-25,902.0
993,542,2024-04-26,85.23
994,326,2023-11-05,842.41
995,735,2023-11-06,222.44
996,447,2025-03-20,541.86
997,831,2023-10-05,1272.82
998,653,2023-05-29,694.71
999,52,2024-01-14,290.37
1000,846,2024-09-03,463.12
1001,542,2024-05-19,700.95
1002,925,2024-07-06,344.6
1003,50,2024-02-28,1282.2
1004,386,2024-09-09,1233.12
1005,621,2024-12-05,1096.36
1006,172,2024-01-01,580.63
1007,509,2023-10-09,908.52
1008,266,2023-05-12,475.9
1009,69,2024-06-22,568.84
1010,169,2023-07-28,1476.1
1011,39,2025-02-11,84.95
1012,420,2024-09-12,274.09
1013,409,2024-09-16,722.67
1014,571,2023-12-23,847.8
1015,744,2024-09-10,1108.58
1016,4,2024-05-18,1481.7
1017,662,2024-04-20,351.66
1018,138,2023-06-28,1414.34
1019,635,2023-06-14,760.98
1020,133,2024-10-28,1449.16
1021,688,2023-08-25,861.92
1022,398,2024-10-02,250.08
1023,515,2025-04-01,495.94
1024,171,2023-07-19,886.32
1025,963,2023-06-05,544.22
1026,477,2023-08-13,247.67
1027,93,2023-08-18,858.14
1028,320,2024-05-16,982.58
1029,222,2024-09-01,1442.3
1030,851,2024-10-30,1019.79
1031,593,2024-02-21,71.03
1032,590,2024-09-03,104.33
1033,760,2024-01-05,333.24
1034,203,2024-04-07,634.64
1035,998,2024-12-27,1332.78
1036,164,2024-11-12,156.53
1037,967,2023-06-03,157.16
1038,584,2024-11-13,106.87
1039,545,2025-04-06,384.95
1040,647,2024-06-10,1056.62
1041,177,2025-04-03,443.92
1042,620,2025-04-16,270.81
1043,983,2024-07-16,530.79
1044,731,2023-06-22,482.78
1045,779,2025-02-05,660.66
1046,260,2024-06-09,1492.33
1047,307,2023-05-10,310.72
1048,618,2023-11-09,1099.66
1049,366,2024-01-30,1423.19
1050,763,2024-12-17,320.6
1051,525,2024-05-18,155.96
1052,63,2024-10-07,297.47
1053,162,2024-05-18,1265.02
1054,212,2024-04-01,164.68
1055,104,2025-04-16,862.44
1056,680,2023-07-05,559.49
1057,598,2023-08-06,907.32
1058,734,2023-06-26,1441.61
1059,459,2024-11-10,802.27
1060,350,2023-07-06,663.99
1061,599,2023-06-02,902.66
1062,292,2023-09-01,168.2
1063,181,2024-03-07,964.05
1064,363,2023-10-19,1118.48
1065,612,2024-02-06,395.77
1066,794,2025-04-20,1316.01
1067,306,2023-07-16,1081.64
1068,152,2023-09-20,1011.24
1069,877,2024-02-02,1371.21
1070,506,2024-04-22,378.88
1071,68,2023-05-25,579.47
1072,972,2024-05-14,624.13
1073,879,2024-11-03,1002.06
1074,126,2023-12-26,1491.32
1075,671,2023-10-30,1145.85
1076,297,2023-05-25,1198.11
1077,486,2024-09-08,179.34
1078,660,2025-02-11,1217.04
1079,636,2025-04-20,665.19
1080,798,2023-11-04,1318.39
1081,509,2023-06-01,1268.29
1082,153,2024-07-19,1399.76
1083,218,2025-01-03,1379.08
1084,191,2023-07-27,253.92
1085,213,2023-09-08,1364.81
1086,619,2023-11-26,1085.08
1087,821,2024-01-21,476.25
1088,644,2023-12-19,687.9
1089,29,2023-12-03,1240.6
1090,626,2024-09-13,1246.52
1091,435,2024-11-15,1403.56
1092,190,2024-12-09,1354.68
1093,164,2024-07-10,1163.62
1094,759,2024-08-31,307.13
1095,656,2024-08-11,1230.89
1096,596,2024-06-28,1291.7
1097,541,2023-10-31,389.73
1098,713,2024-07-29,446.62
1099,293,2024-06-11,115.15
1100,517,2024-10-02,868.41
1101,553,2024-08-27,358.62
1102,139,2023-10-06,665.76
1103,601,2024-05-06,285.13
1104,1,2023-05-01,1415.16
1105,629,2023-08-12,1194.81
1106,477,2023-10-14,940.7
1107,289,2024-04-24,303.39
1108,776,2023-09-16,166.89
1109,559,2024-11-26,644.97
1110,101,2024-10-31,652.14
1111,593,2024-01-17,390.79
1112,387,2023-06-19,1344.74
1113,561,2025-02-03,1318.16
1114,708,2025-04-21,345.42
1115,919,2024-10-13,778.46
1116,1000,2025-04-04,1090.97
1117,778,2024-11-21,454.66
1118,904,2024-11-14,375.74
1119,338,2023-10-20,675.42
1120,968,2024-08-11,1184.04
1121,369,2023-12-19,622.77
1122,282,2023-12-26,1450.02
1123,390,2024-12-23,984.28
1124,689,2023-05-14,620.33
1125,362,2025-03-28,286.58
1126,56,2024-11-22,687.76
1127,535,2023-08-25,1136.69
1128,643,2023-11-18,1263.8
1129,392,2024-07-01,1393.31
1130,590,2023-08-07,784.68
1131,115,2024-05-10,938.2
1132,736,2023-11-20,1285.59
1133,138,2024-05-22,795.91
1134,371,2024-11-02,1474.95
1135,582,2024-02-07,259.18
1136,732,2023-05-19,94.99
1137,968,2024-10-26,1365.79
1138,525,2024-07-01,1402.03
1139,58,2024-04-27,925.5
1140,216,2023-08-11,1262.23
1141,98,2023-10-22,1071.42
1142,6,2023-08-27,1238.27
1143,994,2025-01-09,260.52
1144,210,2024-04-28,964.22
1145,705,2024-12-14,1331.49
1146,788,2024-11-16,1471.46
1147,718,2024-01-17,998.0
1148,591,2024-06-04,74.87
1149,177,2023-10-17,907.36
1150,633,2023-08-18,769.82
1151,952,2024-10-26,1381.05
1152,602,2023-08-13,480.22
1153,253,2023-06-09,1032.62
1154,439,2023-08-20,1165.17
1155,150,2025-01-16,1480.25
1156,960,2023-10-28,364.53
1157,630,2023-09-18,1192.24
1158,937,2024-11-15,459.6
1159,236,2025-04-05,134.65
1160,97,2024-03-07,599.76
1161,208,2025-03-23,735.79
1162,993,2024-11-29,102.01
1163,665,2025-03-05,118.39
1164,131,2023-08-01,786.33
1165,623,2024-04-03,995.91
1166,267,2024-06-26,172.19
1167,370,2025-01-09,1194.7
1168,6,2024-10-24,685.44
1169,92,2023-07-07,1410.45
1170,839,2023-12-15,1299.15
1171,149,2023-12-14,59.51
1172,212,2023-06-25,1262.33
1173,556,2024-10-09,435.53
1174,483,2025-03-11,958.63
1175,822,2025-03-10,692.85
1176,336,2024-05-26,566.03
1177,887,2024-04-06,227.9
1178,8,2023-08-07,1258.11
1179,866,2023-08-31,277.14
1180,809,2024-03-31,82.6
1181,864,2023-08-15,432.48
1182,610,2023-10-31,248.09
1183,215,2024-12-14,1050.95
1184,847,2024-11-04,1216.87
1185,893,2025-03-09,948.91
1186,150,2023-07-10,1086.38
1187,111,2024-03-28,906.64
1188,444,2023-10-21,846.89
1189,873,2024-12-17,397.13
1190,426,2024-01-07,371.23
1191,679,2024-07-16,303.19
1192,734,2025-02-28,661.23
1193,789,2025-01-24,1038.22
1194,730,2024-02-22,123.54
1195,73,2023-05-27,1261.47
1196,975,2023-12-08,1367.98
1197,996,2023-09-17,552.78
1198,391,2024-03-27,1014.73
1199,143,2023-09-03,1292.25
1200,45,2025-04-19,148.39
1201,424,2023-05-28,270.58
1202,821,2024-07-23,1396.1
1203,237,2024-11-13,897.82
1204,513,2024-05-28,1496.03
1205,531,2023-05-06,1467.58
1206,61,2023-10-11,606.98
1207,461,2025-02-26,904.01
1208,809,2024-11-26,1055.55
1209,500,2023-05-19,676.09
1210,98,2023-10-25,486.86
1211,298,2023-09-20,184.49
1212,851,2024-11-30,1402.31
1213,919,2024-11-29,148.55
1214,473,2024-02-08,836.63
1215,367,2024-08-25,129.33
1216,102,2023-07-23,481.07
1217,525,2025-01-23,197.99
1218,29,2023-06-20,1491.08
1219,859,2025-04-08,680.76
1220,101,2024-06-29,483.57
1221,447,2023-08-13,1225.93
1222,338,2023-09-28,674.81
1223,854,2025-02-23,577.21
1224,418,2024-05-19,1483.49
1225,676,2023-10-10,287.84
1226,554,2024-02-27,459.44
1227,47,2024-01-24,912.36
1228,708,2024-03-26,1103.05
1229,195,2024-11-04,1005.51
1230,971,2024-03-03,158.53
1231,375,2024-01-25,1117.18
1232,841,2024-07-12,1028.26
1233,676,2025-01-21,1202.51
1234,968,2025-01-28,450.15
1235,152,2023-08-12,314.44
1236,282,2023-09-21,995.28
1237,456,2024-03-30,1285.81
1238,507,2024-09-15,730.08
1239,60,2024-06-16,614.11
1240,867,2025-01-12,934.81
1241,517,2024-09-06,808.14
1242,124,2023-07-21,1478.71
1243,379,2024-04-10,594.13
1244,661,2023-12-16,325.08
1245,331,2024-07-04,710.59
1246,730,2024-09-17,456.78
1247,964,2024-01-05,1002.1
1248,191,2024-12-20,449.9
1249,723,2024-05-04,540.94
1250,219,2024-06-08,1357.06
1251,425,2024-05-04,1230.89
1252,577,2023-10-13,963.46
1253,853,2024-07-23,1109.8
1254,479,2025-03-07,395.89
1255,305,2023-08-23,1278.64
1256,107,2024-10-02,1427.52
1257,66,2023-09-05,766.23
1258,702,2025-04-21,1468.38
1259,494,2024-03-16,1491.81
1260,208,2023-10-31,1269.46
1261,132,2023-05-31,1142.67
1262,528,2024-07-13,112.86
1263,327,2024-05-09,812.05
1264,608,2024-09-09,1022.73
1265,937,2023-05-03,291.98
1266,292,2024-04-25,1105.19
1267,8,2023-07-28,1106.56
1268,54,2024-01-30,1479.18
1269,729,2024-10-29,738.31
1270,996,2024-03-30,1137.43
1271,21,2024-10-19,824.3
1272,762,2025-01-25,255.24
1273,211,2023-09-15,264.78
1274,915,2024-07-20,1302.1
1275,750,2024-10-29,1234.57
1276,850,2023-06-17,1311.95
1277,599,2024-04-22,582.5
1278,7,2023-10-12,499.65
1279,436,2024-04-05,1024.52
1280,120,2025-04-01,317.13
1281,969,2023-10-19,799.07
1282,744,2024-09-23,1031.86
1283,623,2023-09-28,366.12
1284,347,2023-05-06,1306.06
1285,545,2024-01-13,201.41
1286,643,2025-02-04,383.32
1287,633,2024-07-30,1061.57
1288,75,2024-11-16,938.31
1289,48,2023-10-16,1075.79
1290,86,2023-11-13,744.2
1291,781,2023-10-26,223.27
1292,133,2024-11-01,1263.75
1293,181,2023-07-26,595.32
1294,263,2025-01-22,1126.28
1295,569,2024-07-17,1352.87
1296,262,2023-07-22,781.35
1297,405,2024-06-05,1167.53
1298,792,2024-04-15,299.91
1299,918,2024-03-29,1063.03
1300,979,2024-07-27,660.78
1301,779,2024-01-20,772.62
1302,513,2024-04-14,495.28
1303,699,2024-12-07,697.94
1304,435,2024-10-01,1379.04
1305,569,2023-08-25,62.0
1306,158,2024-10-16,546.12
1307,86,2023-07-13,462.11
1308,998,2024-12-02,322.58
1309,980,2023-11-25,177.05
1310,819,2023-11-11,296.78
1311,845,2023-06-30,345.06
1312,788,2024-02-10,91.52
1313,426,2023-09-24,434.83
1314,957,2025-03-27,1236.17
1315,333,2025-04-03,776.07
1316,985,2024-10-04,320.48
1317,919,2023-07-10,316.84
1318,43,2023-05-30,1335.37
1319,198,2024-06-16,687.88
1320,415,2025-04-08,702.77
1321,642,2024-01-10,1179.88
1322,874,2023-12-11,788.23
1323,603,2025-01-03,315.39
1324,446,2024-09-14,52.3
1325,133,2024-01-30,1453.78
1326,212,2023-11-29,446.28
1327,483,2025-03-20,1295.49
1328,781,2024-08-27,1057.95
1329,744,2025-01-26,159.04
1330,546,2025-03-13,288.75
1331,713,2025-04-16,84.58
1332,763,2025-01-17,843.45
1333,142,2024-10-10,607.64
1334,342,2023-11-06,1050.0
1335,167,2023-09-11,1306.66
1336,708,2023-07-30,236.8
1337,639,2023-11-14,800.57
1338,840,2023-05-27,837.12
1339,182,2024-08-20,805.54
1340,683,2024-09-02,1458.34
1341,534,2024-09-23,103.57
1342,144,2023-08-29,1078.38
1343,587,2024-03-05,785.32
1344,83,2023-08-10,1306.1
1345,712,2024-05-17,442.09
1346,118,2024-06-11,596.39
1347,519,2024-02-10,573.34
1348,362,2025-01-23,1392.01
1349,300,2025-03-21,1417.0
1350,643,2024-03-28,1413.02
1351,888,2025-03-01,434.13
1352,191,2023-08-03,126.07
1353,596,2023-10-24,574.61
1354,581,2024-11-26,213.94
1355,200,2024-09-13,271.75
1356,4,2024-01-12,107.14
1357,617,2023-12-19,483.37
1358,897,2023-07-21,1260.64
1359,313,2024-03-30,926.69
1360,80,2024-05-02,1034.39
1361,79,2023-11-25,136.63
1362,18,2024-07-06,1359.1
1363,437,2024-08-09,767.56
1364,151,2023-10-12,484.7
1365,154,2024-09-09,157.06
1366,956,2023-11-23,197.21
1367,504,2023-06-27,828.92
1368,930,2023-12-20,696.8
1369,337,2025-01-18,1395.48
1370,44,2023-08-10,146.14
1371,882,2023-11-03,818.54
1372,873,2023-11-19,825.88
1373,371,2024-11-14,1186.48
1374,557,2024-04-07,808.74
1375,40,2024-05-27,619.69
1376,562,2023-07-21,371.31
1377,479,2024-08-26,125.64
1378,455,2023-08-10,507.47
1379,745,2023-07-20,1423.28
1380,359,2024-07-27,327.4
1381,695,2023-07-17,1075.15
1382,62,2023-10-12,189.48
1383,728,2025-04-08,1052.43
1384,753,2024-08-24,1040.48
1385,454,2024-05-03,1267.89
1386,535,2024-08-22,145.07
1387,46,2024-03-12,1406.38
1388,68,2023-07-07,202.07
1389,973,2025-04-05,1102.96
1390,891,2024-12-02,1214.49
1391,99,2024-07-27,1002.47
1392,506,2024-07-13,329.23
1393,478,2025-03-30,641.18
1394,531,2025-03-01,823.89
1395,416,2024-09-16,1221.81
1396,806,2023-10-12,1454.65
1397,588,2023-12-29,161.86
1398,156,2024-04-22,1207.67
1399,588,2025-03-01,790.35
1400,726,2024-08-06,1080.77
1401,131,2024-03-19,1300.18
1402,270,2023-09-26,1098.53
1403,338,2024-11-09,1035.22
1404,709,2023-12-21,868.34
1405,767,2024-09-24,365.92
1406,368,2024-09-14,398.56
1407,59,2023-05-01,794.65
1408,496,2024-10-28,568.88
1409,828,2024-10-18,476.09
1410,12,2023-12-21,859.74
1411,247,2023-11-04,542.51
1412,274,2024-04-24,1041.94
1413,735,2023-05-28,764.09
1414,75,2023-06-22,1243.81
1415,649,2024-03-15,150.36
1416,355,2023-11-29,824.5
1417,270,2023-08-10,1100.73
1418,468,2024-02-09,271.2
1419,91,2024-08-23,566.6
1420,531,2024-02-12,1164.86
1421,81,2025-01-03,1076.25
1422,343,2024-05-15,649.59
1423,4,2025-04-13,89.91
1424,710,2024-06-24,443.25
1425,150,2024-09-23,528.37
1426,418,2023-08-30,1189.46
1427,649,2025-01-03,1159.49
1428,499,2024-02-07,449.85
1429,179,2024-11-26,1284.58
1430,791,2023-04-24,1045.3
1431,665,2024-05-23,603.26
1432,704,2024-04-16,179.22
1433,413,2023-09-21,236.08
1434,57,2024-03-17,1453.54
1435,231,2024-03-20,877.97
1436,495,2024-10-11,118.97
1437,741,2023-09-15,1226.45
1438,32,2023-06-07,824.88
1439,995,2024-08-05,811.1
1440,908,2023-05-02,1034.95
1441,239,2025-02-17,941.49
1442,215,2024-08-25,745.67
1443,313,2024-09-10,124.21
1444,886,2023-12-24,907.2
1445,86,2023-07-27,1220.57
1446,829,2023-11-02,976.43
1447,987,2024-04-28,615.45
1448,948,2023-10-15,1388.94
1449,313,2024-07-13,207.13
1450,883,2024-06-16,469.04
1451,424,2024-11-05,1265.12
1452,211,2025-02-07,146.03
1453,458,2023-09-25,1166.23
1454,45,2023-10-02,212.29
1455,880,2024-02-01,1379.58
1456,240,2023-12-07,313.28
1457,669,2024-10-17,151.83
1458,224,2025-04-06,427.08
1459,968,2024-12-08,1367.31
1460,928,2024-12-28,1221.51
1461,551,2025-01-07,1402.32
1462,234,2025-02-27,455.07
1463,822,2023-12-24,406.93
1464,464,2024-12-31,1484.37
1465,187,2024-07-24,483.95
1466,341,2025-02-28,228.24
1467,245,2023-07-21,845.67
1468,949,2024-09-30,1381.78
1469,767,2025-04-15,1041.38
1470,553,2023-07-21,566.85
1471,643,2024-04-02,142.2
1472,208,2023-09-05,746.82
1473,328,2025-01-09,849.7
1474,225,2024-03-06,156.48
1475,396,2023-05-08,971.12
1476,852,2023-05-23,316.22
1477,881,2023-05-05,371.45
1478,381,2023-12-07,750.32
1479,967,2024-03-16,783.59
1480,344,2023-12-06,524.54
1481,642,2023-12-06,152.59
1482,835,2025-04-20,1290.69
1483,649,2024-06-11,1282.16
1484,597,2023-11-11,234.66
1485,893,2025-02-22,587.8
1486,698,2025-04-10,269.18
1487,550,2024-03-14,526.96
1488,983,2024-04-21,982.53
1489,206,2023-08-21,1011.58
1490,845,2024-03-17,924.3
1491,273,2023-10-07,568.25
1492,105,2023-07-24,604.55
1493,765,2024-05-20,1302.33
1494,613,2023-06-08,1279.65
1495,390,2025-04-09,401.71
1496,13,2023-10-31,757.12
1497,157,2024-07-16,89.82
1498,460,2024-03-22,59.77
1499,777,2024-01-20,188.98
1500,580,2024-08-27,947.29
1501,452,2023-09-02,271.38
1502,855,2023-12-23,606.96
1503,481,2024-04-01,243.01
1504,265,2023-12-03,468.75
1505,755,2025-02-24,734.26
1506,798,2024-01-31,1365.54
1507,154,2024-02-12,318.79
1508,360,2023-06-15,882.87
1509,930,2023-08-18,1078.76
1510,120,2023-05-29,771.52
1511,671,2025-01-01,82.28
1512,768,2023-05-02,1360.0
1513,699,2024-11-30,1080.18
1514,819,2023-07-17,1351.03
1515,753,2024-09-12,1253.45
1516,715,2025-04-13,608.75
1517,391,2023-10-15,972.67
1518,197,2023-11-20,578.06
1519,408,2024-11-13,792.36
1520,721,2024-10-10,1098.53
1521,525,2024-08-22,771.93
1522,876,2024-04-25,87.9
1523,261,2023-11-21,602.4
1524,296,2024-09-08,951.47
1525,540,2024-10-26,1211.9
1526,751,2024-10-30,769.5
1527,171,2025-03-09,453.77
1528,488,2023-08-14,1312.05
1529,297,2023-09-23,484.57
1530,349,2024-11-18,1052.28
1531,828,2024-05-28,1008.22
1532,918,2025-02-20,699.8
1533,867,2024-11-07,1133.01
1534,685,2025-02-27,810.84
1535,122,2025-02-21,1190.07
1536,429,2024-07-24,310.81
1537,208,2024-07-22,1313.97
1538,594,2024-12-05,512.92
1539,492,2023-09-13,815.92
1540,898,2023-10-07,822.26
1541,991,2023-08-10,1144.76
1542,606,2023-09-28,1347.27
1543,398,2025-01-13,749.32
1544,23,2023-12-29,551.63
1545,675,2023-06-01,425.79
1546,453,2024-07-05,559.84
1547,271,2025-01-06,301.08
1548,681,2023-09-25,1255.98
1549,423,2023-06-27,442.92
1550,634,2024-04-09,1327.44
1551,797,2023-10-02,1105.46
1552,856,2023-08-27,145.77
1553,324,2024-12-05,440.41
1554,187,2025-04-19,866.1
1555,197,2024-08-24,751.08
1556,679,2023-10-07,1048.09
1557,205,2023-10-24,1122.41
1558,723,2023-08-30,580.17
1559,530,2025-01-14,291.06
1560,519,2024-12-04,820.24
1561,768,2023-07-04,413.37
1562,388,2025-04-05,114.04
1563,420,2023-05-04,812.75
1564,562,2023-10-25,1042.09
1565,394,2024-02-13,391.14
1566,560,2023-06-23,356.14
1567,918,2024-09-17,533.74
1568,941,2023-11-08,920.0
1569,117,2023-12-15,519.08
1570,191,2025-02-15,850.55
1571,926,2024-01-06,1464.63
1572,289,2023-08-19,534.16
1573,106,2025-02-15,1478.35
1574,842,2024-09-18,845.72
1575,763,2023-05-04,1383.72
1576,489,2023-07-05,1409.6
1577,444,2023-07-19,235.61
1578,900,2024-01-25,964.18
1579,107,2024-09-16,1467.79
1580,983,2023-06-19,133.09
1581,275,2025-03-31,118.28
1582,988,2024-10-12,236.24
1583,582,2024-10-19,55.27
1584,685,2023-07-22,1418.83
1585,3,2024-02-24,1128.48
1586,564,2025-02-27,1433.03
1587,565,2023-05-04,295.52
1588,848,2024-07-03,903.63
1589,382,2025-01-06,737.82
1590,909,2023-12-08,1075.27
1591,982,2024-04-16,1252.85
1592,897,2024-10-22,645.08
1593,147,2024-11-18,890.01
1594,82,2023-07-03,229.02
1595,483,2023-10-20,550.89
1596,343,2023-08-30,983.68
1597,708,2024-04-27,542.23
1598,791,2025-01-17,727.35
1599,789,2024-01-02,743.81
1600,274,2024-02-13,577.65
1601,310,2023-08-25,654.12
1602,21,2024-05-11,325.55
1603,840,2023-08-10,1012.55
1604,996,2024-01-27,200.34
1605,394,2025-03-24,629.95
1606,719,2024-11-10,639.7
1607,671,2023-08-18,707.01
1608,759,2025-04-03,1322.86
1609,709,2024-07-30,302.45
1610,756,2024-01-13,249.71
1611,935,2023-11-02,860.75
1612,915,2024-08-06,1130.03
1613,558,2024-10-29,169.0
1614,224,2024-07-22,638.42
1615,916,2023-05-03,1236.48
1616,791,2025-04-02,1070.32
1617,454,2023-07-12,650.44
1618,897,2024-09-27,1216.29
1619,492,2024-02-04,200.0
1620,635,2023-07-27,270.82
1621,1000,2025-01-03,120.43
1622,26,2024-05-27,975.85
1623,572,2023-06-30,312.29
1624,366,2024-05-16,173.34
1625,720,2024-12-18,1303.9
1626,917,2023-07-29,1179.35
1627,885,2024-10-12,946.52
1628,521,2023-10-12,807.25
1629,990,2024-11-11,272.31
1630,935,2025-03-10,933.38
1631,247,2024-12-30,1005.87
1632,192,2024-06-03,401.62
1633,982,2023-07-06,657.66
1634,951,2023-07-24,1025.32
1635,459,2024-08-10,952.48
1636,347,2025-02-10,1128.91
1637,246,2023-06-27,293.8
1638,548,2024-09-10,1017.04
1639,77,2024-11-25,1156.61
1640,546,2024-09-11,1074.59
1641,500,2025-03-07,640.75
1642,285,2023-11-16,236.16
1643,464,2024-06-03,133.0
1644,285,2024-08-21,218.64
1645,288,2023-05-20,1188.57
1646,244,2024-01-25,629.65
1647,129,2024-08-07,63.34
1648,487,2025-04-22,1344.01
1649,947,2023-10-05,1485.54
1650,148,2024-03-02,1341.37
1651,799,2024-04-29,643.99
1652,955,2023-06-05,174.97
1653,614,2023-11-08,878.15
1654,111,2024-11-24,65.59
1655,217,2023-12-03,1197.84
1656,432,2024-01-24,752.65
1657,259,2023-09-23,554.14
1658,590,2025-01-30,484.73
1659,759,2024-06-15,1014.41
1660,605,2023-12-15,737.41
1661,658,2023-06-16,517.1
1662,216,2025-02-18,1188.41
1663,967,2025-01-30,1100.32
1664,18,2023-08-19,710.8
1665,880,2024-07-28,560.93
1666,167,2023-05-26,999.91
1667,818,2023-09-26,205.22
1668,78,2024-07-30,205.1
1669,554,2024-02-28,423.51
1670,856,2024-01-21,1437.31
1671,852,2025-04-16,159.81
1672,89,2024-04-15,217.9
1673,582,2024-01-26,497.16
1674,264,2024-07-19,871.27
1675,891,2024-05-06,976.96
1676,426,2023-08-30,154.57
1677,432,2025-01-28,1466.4
1678,623,2024-12-03,1323.54
1679,185,2025-02-13,1171.77
1680,969,2025-03-30,1005.24
1681,97,2023-06-02,60.33
1682,316,2023-10-28,1112.83
1683,383,2023-09-15,1064.88
1684,350,2024-01-15,204.79
1685,708,2023-05-02,556.26
1686,145,2023-10-15,1472.79
1687,150,2023-05-26,622.6
1688,908,2023-05-07,720.37
1689,727,2024-07-27,1323.05
1690,918,2023-08-24,1306.97
1691,880,2024-05-30,1391.43
1692,272,2023-10-24,70.95
1693,730,2025-01-03,1396.21
1694,71,2023-08-27,1348.98
1695,554,2023-06-26,434.95
1696,844,2024-04-29,939.23
1697,600,2024-05-14,1211.73
1698,83,2023-09-11,1477.76
1699,890,2024-01-19,823.48
1700,891,2024-05-23,1415.49
1701,43,2025-02-13,1050.96
1702,346,2023-09-30,304.12
1703,513,2025-01-08,1324.63
1704,688,2023-07-07,1028.54
1705,229,2023-10-29,842.13
1706,538,2024-11-22,136.94
1707,808,2025-02-02,1388.37
1708,431,2024-04-01,299.19
1709,306,2024-02-03,672.48
1710,285,2024-03-24,1052.35
1711,178,2024-06-04,1475.1
1712,104,2024-11-16,568.65
1713,236,2024-03-06,454.14
1714,149,2024-12-02,854.22
1715,172,2024-10-11,679.85
1716,390,2024-04-07,800.36
1717,881,2025-02-22,80.12
1718,72,2023-07-22,501.9
1719,940,2023-06-05,564.1
1720,884,2025-01-05,455.8
1721,554,2023-12-11,241.89
1722,168,2023-08-22,1384.3
1723,651,2024-08-26,724.76
1724,39,2023-04-26,1354.37
1725,789,2025-02-15,225.03
1726,564,2025-02-13,1086.43
1727,449,2024-09-09,1005.3
1728,19,2024-03-05,1332.03
1729,412,2023-11-12,1375.31
1730,156,2025-02-08,274.61
1731,574,2024-02-23,647.92
1732,385,2024-05-02,712.3
1733,63,2024-02-11,192.47
1734,238,2024-07-29,369.27
1735,290,2025-03-29,369.63
1736,167,2023-05-22,940.08
1737,220,2023-07-01,737.99
1738,506,2025-03-29,198.65
1739,919,2024-06-12,70.83
1740,860,2024-02-15,119.65
1741,600,2024-06-04,581.49
1742,541,2025-01-21,980.79
1743,713,2023-06-01,1316.17
1744,840,2023-06-26,1216.62
1745,200,2024-10-29,754.36
1746,890,2023-11-26,331.19
1747,862,2024-09-03,250.95
1748,446,2024-08-11,1036.28
1749,741,2023-05-30,665.71
1750,667,2024-06-24,1153.09
1751,80,2024-01-24,190.54
1752,197,2025-03-31,496.98
1753,98,2024-04-06,763.53
1754,764,2024-01-09,306.88
1755,698,2024-05-16,425.26
1756,634,2023-07-04,253.48
1757,516,2023-09-05,1221.91
1758,229,2024-06-12,197.46
1759,749,2024-10-21,209.04
1760,91,2023-05-24,1056.21
1761,488,2024-03-22,281.12
1762,785,2024-07-29,518.8
1763,425,2024-08-10,635.58
1764,305,2023-06-25,1018.01
1765,72,2024-03-02,1456.33
1766,795,2024-01-13,757.15
1767,922,2024-11-26,1342.3
1768,543,2025-01-12,263.11
1769,407,2024-10-28,742.94
1770,2,2024-04-10,1079.72
1771,806,2024-12-28,1303.4
1772,44,2023-09-09,1419.89
1773,911,2023-07-06,1482.56
1774,982,2025-02-04,680.67
1775,262,2024-04-27,516.74
1776,362,2024-09-29,1371.37
1777,963,2024-12-12,1225.08
1778,586,2024-10-18,1318.54
1779,99,2023-07-28,1077.21
1780,674,2024-04-28,1259.97
1781,184,2025-01-18,1137.94
1782,327,2024-09-10,175.49
1783,676,2024-01-27,311.91
1784,584,2024-01-09,706.18
1785,569,2023-08-18,923.15
1786,457,2024-01-26,726.43
1787,571,2024-03-01,1441.1
1788,429,2024-06-15,1316.3
1789,441,2024-12-01,808.96
1790,372,2024-05-06,247.47
1791,380,2023-08-26,1209.86
1792,556,2024-08-13,367.74
1793,833,2024-06-21,1211.97
1794,135,2023-09-28,68.58
1795,781,2024-02-04,470.08
1796,952,2024-03-13,534.04
1797,767,2025-04-12,1400.18
1798,88,2024-09-09,430.24
1799,830,2025-03-11,1297.96
1800,514,2024-03-11,615.62
1801,88,2024-07-25,1168.8
1802,575,2024-09-23,650.69
1803,86,2024-12-24,229.97
1804,998,2024-01-12,715.31
1805,401,2024-11-07,838.83
1806,983,2024-11-27,638.87
1807,116,2025-02-09,322.05
1808,597,2024-04-17,1021.06
1809,212,2023-05-13,1244.04
1810,55,2024-07-16,1001.61
1811,977,2024-03-03,684.27
1812,157,2025-03-05,1367.64
1813,59,2023-04-26,789.91
1814,359,2024-05-19,597.21
1815,834,2023-05-06,420.45
1816,280,2025-02-06,359.13
1817,34,2024-11-01,878.67
1818,255,2023-06-04,1367.06
1819,329,2023-06-17,308.2
1820,409,2025-02-14,1425.62
1821,933,2023-09-22,1489.94
1822,852,2023-10-23,984.27
1823,176,2025-01-25,535.92
1824,566,2023-07-02,208.26
1825,63,2025-01-05,631.95
1826,976,2024-11-22,603.78
1827,394,2024-09-25,657.72
1828,530,2024-05-03,494.51
1829,128,2025-01-02,1328.99
1830,902,2024-02-20,344.1
1831,57,2024-08-21,1066.34
1832,789,2024-08-31,557.03
1833,63,2025-01-07,1496.77
1834,98,2024-03-31,381.23
1835,491,2024-03-18,71.73
1836,889,2025-01-01,959.47
1837,493,2025-01-29,1172.97
1838,225,2024-12-29,206.24
1839,413,2024-11-18,1295.15
1840,901,2025-03-30,1090.89
1841,74,2023-10-16,1243.86
1842,55,2024-10-11,1116.94
1843,757,2024-10-31,109.52
1844,196,2024-04-08,1093.41
1845,204,2023-05-09,1182.11
1846,921,2023-06-12,569.73
1847,327,2023-07-13,1284.47
1848,1,2025-01-17,651.71
1849,356,2023-06-07,68.91
1850,922,2023-06-01,703.28
1851,53,2024-03-31,998.84
1852,664,2025-02-15,306.72
1853,135,2024-11-27,1179.11
1854,906,2024-01-12,597.1
1855,974,2024-06-11,236.14
1856,452,2025-04-20,214.14
1857,225,2023-10-06,765.96
1858,790,2023-08-05,169.61
1859,946,2024-02-21,91.79
1860,199,2023-12-05,245.3
1861,66,2024-08-04,310.94
1862,237,2025-04-02,193.16
1863,41,2024-06-05,446.02
1864,192,2024-10-16,1020.83
1865,405,2024-05-27,61.99
1866,496,2025-01-26,737.25
1867,62,2024-05-01,858.08
1868,286,2024-02-10,518.2
1869,916,2024-12-29,905.69
1870,508,2023-05-04,62.49
1871,191,2024-08-18,537.14
1872,574,2023-06-01,1017.75
1873,706,2024-02-09,1054.49
1874,445,2024-09-15,577.66
1875,912,2025-03-05,153.93
1876,544,2025-03-01,107.42
1877,191,2023-06-17,1097.51
1878,624,2024-06-27,1494.13
1879,922,2024-06-18,509.99
1880,466,2024-07-20,695.51
1881,400,2024-03-15,498.46
1882,858,2025-01-21,228.55
1883,629,2025-01-02,478.31
1884,595,2024-12-26,696.42
1885,573,2024-03-29,1486.36
1886,127,2023-08-14,134.63
1887,533,2023-12-11,678.62
1888,80,2025-04-13,848.26
1889,669,2024-06-20,517.04
1890,580,2023-08-01,778.59
1891,246,2025-03-16,721.34
1892,170,2023-05-23,866.24
1893,985,2024-10-08,683.82
1894,63,2023-07-03,735.01
1895,313,2024-01-19,490.86
1896,194,2023-04-26,1138.65
1897,555,2023-05-27,190.03
1898,126,2024-09-23,1358.25
1899,128,2025-03-29,1462.45
1900,435,2023-10-07,858.22
1901,300,2024-10-05,1308.41
1902,277,2023-07-10,282.31
1903,159,2023-12-02,621.06
1904,99,2024-02-24,285.19
1905,847,2024-06-03,1229.18
1906,98,2024-01-24,718.99
1907,814,2024-10-10,1335.6
1908,392,2023-05-18,511.32
1909,833,2024-12-05,1053.93
1910,685,2024-10-05,713.27
1911,629,2024-12-30,820.38
1912,430,2023-05-31,704.29
1913,249,2023-06-11,559.41
1914,818,2024-12-06,147.31
1915,269,2024-05-06,935.81
1916,683,2025-01-01,206.37
1917,630,2023-07-30,512.95
1918,475,2024-03-29,1319.99
1919,430,2025-03-27,1476.41
1920,241,2025-01-05,581.93
1921,96,2023-07-21,688.11
1922,640,2024-12-25,305.33
1923,636,2024-05-04,1303.25
1924,143,2025-04-07,841.0
1925,308,2024-10-17,614.86
1926,701,2024-04-30,487.87
1927,667,2023-12-01,524.81
1928,364,2024-01-06,1388.57
1929,878,2023-10-18,471.98
1930,15,2024-07-30,267.49
1931,794,2024-03-20,502.86
1932,940,2023-10-27,677.6
1933,291,2024-10-08,801.73
1934,560,2024-09-28,265.31
1935,768,2024-02-22,873.73
1936,296,2024-12-08,1287.23
1937,350,2024-05-30,1102.67
1938,988,2024-06-21,1047.23
1939,898,2024-02-19,1028.12
1940,619,2025-04-18,1273.98
1941,840,2023-08-12,56.93
1942,335,2023-05-10,963.25
1943,485,2025-04-20,877.89
1944,328,2024-07-08,683.14
1945,608,2023-09-09,1392.4
1946,184,2025-03-05,1375.33
1947,175,2024-04-24,884.57
1948,72,2023-10-23,892.17
1949,603,2025-04-06,886.93
1950,227,2024-05-21,167.7
1951,203,2023-07-21,936.1
1952,604,2024-06-19,123.55
1953,660,2024-04-11,87.77
1954,673,2025-01-15,447.39
1955,154,2023-04-24,554.06
1956,396,2023-04-24,101.02
1957,629,2024-02-26,706.39
1958,807,2025-01-10,670.52
1959,182,2023-04-25,983.35
1960,887,2025-04-19,437.68
1961,104,2023-10-13,869.29
1962,202,2023-11-12,529.95
1963,656,2023-10-27,678.14
1964,300,2024-03-23,1432.02
1965,705,2023-08-04,1322.72
1966,422,2023-08-16,206.25
1967,344,2023-12-30,768.89
1968,261,2023-08-16,528.13
1969,941,2023-10-26,150.32
1970,47,2023-12-15,981.92
1971,832,2024-10-23,971.29
1972,325,2023-12-27,665.14
1973,47,2023-10-12,1199.9
1974,982,2025-04-17,631.69
1975,391,2024-10-06,951.69
1976,210,2024-12-06,798.81
1977,609,2023-08-17,669.52
1978,37,2023-05-17,112.97
1979,868,2024-11-15,1358.94
1980,14,2023-07-14,1023.13
1981,263,2025-04-04,143.62
1982,566,2024-05-15,1235.61
1983,343,2024-07-14,1260.41
1984,159,2024-12-17,1318.89
1985,970,2024-11-25,1359.5
1986,600,2024-04-28,1187.45
1987,332,2024-01-10,309.9
1988,77,2024-03-17,404.19
1989,730,2023-09-17,1170.5
1990,2,2023-07-26,1247.43
1991,445,2023-09-20,135.29
1992,732,2023-10-13,1224.64
1993,530,2023-08-22,410.43
1994,177,2023-05-13,310.62
1995,189,2025-04-14,326.27
1996,240,2023-08-31,1147.5
1997,129,2023-12-13,362.6
1998,337,2024-09-30,1188.78
1999,417,2023-10-24,184.91
2000,333,2024-01-28,479.32
